{
  "id": "action_80s_90s",
  "title": "Akční klasiky 80. a 90. let",
  "subtitle": "Schwarzenegger, Stallone, Willis, Van Damme, Seagal a spol.",
  "language": "cs",
  "version": 1,
  "updated_at": "2025-08-16T09:00:00+02:00",
  "items": [
    { "type": "movie", "title": "The Terminator", "year": 1984 },
    { "type": "movie", "title": "Commando", "year": 1985 },
    { "type": "movie", "title": "Raw Deal", "year": 1986 },
    { "type": "movie", "title": "Predator", "year": 1987 },
    { "type": "movie", "title": "The Running Man", "year": 1987 },
    { "type": "movie", "title": "Red Heat", "year": 1988 },
    { "type": "movie", "title": "Total Recall", "year": 1990 },
    { "type": "movie", "title": "Kindergarten Cop", "year": 1990 },
    { "type": "movie", "title": "Terminator 2: Judgment Day", "year": 1991 },
    { "type": "movie", "title": "Last Action Hero", "year": 1993 },
    { "type": "movie", "title": "True Lies", "year": 1994 },
    { "type": "movie", "title": "Eraser", "year": 1996 },
    { "type": "movie", "title": "End of Days", "year": 1999 },

    { "type": "movie", "title": "First Blood", "year": 1982 },
    { "type": "movie", "title": "Rambo: First Blood Part II", "year": 1985 },
    { "type": "movie", "title": "Rambo III", "year": 1988 },
    { "type": "movie", "title": "Cobra", "year": 1986 },
    { "type": "movie", "title": "Over the Top", "year": 1987 },
    { "type": "movie", "title": "Tango & Cash", "year": 1989 },
    { "type": "movie", "title": "Lock Up", "year": 1989 },
    { "type": "movie", "title": "Cliffhanger", "year": 1993 },
    { "type": "movie", "title": "Demolition Man", "year": 1993 },
    { "type": "movie", "title": "The Specialist", "year": 1994 },
    { "type": "movie", "title": "Judge Dredd", "year": 1995 },
    { "type": "movie", "title": "Assassins", "year": 1995 },
    { "type": "movie", "title": "Daylight", "year": 1996 },

    { "type": "movie", "title": "Die Hard", "year": 1988 },
    { "type": "movie", "title": "Die Hard 2", "year": 1990 },
    { "type": "movie", "title": "Die Hard with a Vengeance", "year": 1995 },
    { "type": "movie", "title": "The Last Boy Scout", "year": 1991 },
    { "type": "movie", "title": "Hudson Hawk", "year": 1991 },
    { "type": "movie", "title": "Striking Distance", "year": 1993 },
    { "type": "movie", "title": "The Fifth Element", "year": 1997 },
    { "type": "movie", "title": "The Jackal", "year": 1997 },
    { "type": "movie", "title": "Mercury Rising", "year": 1998 },
    { "type": "movie", "title": "The Siege", "year": 1998 },

    { "type": "movie", "title": "Bloodsport", "year": 1988 },
    { "type": "movie", "title": "Cyborg", "year": 1989 },
    { "type": "movie", "title": "Kickboxer", "year": 1989 },
    { "type": "movie", "title": "Lionheart", "year": 1990 },
    { "type": "movie", "title": "Death Warrant", "year": 1990 },
    { "type": "movie", "title": "Double Impact", "year": 1991 },
    { "type": "movie", "title": "Universal Soldier", "year": 1992 },
    { "type": "movie", "title": "Nowhere to Run", "year": 1993 },
    { "type": "movie", "title": "Hard Target", "year": 1993 },
    { "type": "movie", "title": "Timecop", "year": 1994 },
    { "type": "movie", "title": "Street Fighter", "year": 1994 },
    { "type": "movie", "title": "Sudden Death", "year": 1995 },
    { "type": "movie", "title": "Maximum Risk", "year": 1996 },
    { "type": "movie", "title": "Double Team", "year": 1997 },
    { "type": "movie", "title": "Knock Off", "year": 1998 },
    { "type": "movie", "title": "Universal Soldier: The Return", "year": 1999 },

    { "type": "movie", "title": "Above the Law", "year": 1988 },
    { "type": "movie", "title": "Hard to Kill", "year": 1990 },
    { "type": "movie", "title": "Marked for Death", "year": 1990 },
    { "type": "movie", "title": "Out for Justice", "year": 1991 },
    { "type": "movie", "title": "Under Siege", "year": 1992 },
    { "type": "movie", "title": "On Deadly Ground", "year": 1994 },
    { "type": "movie", "title": "Under Siege 2: Dark Territory", "year": 1995 },
    { "type": "movie", "title": "The Glimmer Man", "year": 1996 },
    { "type": "movie", "title": "Fire Down Below", "year": 1997 },

    { "type": "movie", "title": "Lethal Weapon", "year": 1987 },
    { "type": "movie", "title": "Lethal Weapon 2", "year": 1989 },
    { "type": "movie", "title": "Lethal Weapon 3", "year": 1992 },
    { "type": "movie", "title": "Lethal Weapon 4", "year": 1998 },
    { "type": "movie", "title": "Payback", "year": 1999 },
    { "type": "movie", "title": "Tequila Sunrise", "year": 1988 },
    { "type": "movie", "title": "Braveheart", "year": 1995 },
    { "type": "movie", "title": "Ransom", "year": 1996 },
    { "type": "movie", "title": "Maverick", "year": 1994 },

    { "type": "movie", "title": "Top Gun", "year": 1986 },
    { "type": "movie", "title": "Days of Thunder", "year": 1990 },
    { "type": "movie", "title": "Mission: Impossible", "year": 1996 },

    { "type": "movie", "title": "Point Break", "year": 1991 },
    { "type": "movie", "title": "Speed", "year": 1994 },
    { "type": "movie", "title": "Johnny Mnemonic", "year": 1995 },
    { "type": "movie", "title": "Chain Reaction", "year": 1996 },
    { "type": "movie", "title": "The Matrix", "year": 1999 },

    { "type": "movie", "title": "The Rock", "year": 1996 },
    { "type": "movie", "title": "Con Air", "year": 1997 },
    { "type": "movie", "title": "Face/Off", "year": 1997 },
    { "type": "movie", "title": "Snake Eyes", "year": 1998 },
    { "type": "movie", "title": "Fire Birds", "year": 1990 },

    { "type": "movie", "title": "Raiders of the Lost Ark", "year": 1981 },
    { "type": "movie", "title": "Indiana Jones and the Temple of Doom", "year": 1984 },
    { "type": "movie", "title": "Indiana Jones and the Last Crusade", "year": 1989 },
    { "type": "movie", "title": "Patriot Games", "year": 1992 },
    { "type": "movie", "title": "Clear and Present Danger", "year": 1994 },
    { "type": "movie", "title": "The Fugitive", "year": 1993 },
    { "type": "movie", "title": "Air Force One", "year": 1997 },

    { "type": "movie", "title": "Passenger 57", "year": 1992 },
    { "type": "movie", "title": "Drop Zone", "year": 1994 },
    { "type": "movie", "title": "Money Train", "year": 1995 },
    { "type": "movie", "title": "U.S. Marshals", "year": 1998 },
    { "type": "movie", "title": "Blade", "year": 1998 },
    { "type": "movie", "title": "New Jack City", "year": 1991 },

    { "type": "movie", "title": "Big Trouble in Little China", "year": 1986 },
    { "type": "movie", "title": "Stargate", "year": 1994 },
    { "type": "movie", "title": "Executive Decision", "year": 1996 },
    { "type": "movie", "title": "Escape from L.A.", "year": 1996 },
    { "type": "movie", "title": "Soldier", "year": 1998 },
    { "type": "movie", "title": "Backdraft", "year": 1991 },

    { "type": "movie", "title": "RoboCop", "year": 1987 },
    { "type": "movie", "title": "RoboCop 2", "year": 1990 },
    { "type": "movie", "title": "RoboCop 3", "year": 1993 },
    { "type": "movie", "title": "Predator 2", "year": 1990 },

    { "type": "movie", "title": "Desperado", "year": 1995 },
    { "type": "movie", "title": "El Mariachi", "year": 1992 },
    { "type": "movie", "title": "From Dusk Till Dawn", "year": 1996 },

    { "type": "movie", "title": "Hard Boiled", "year": 1992 },
    { "type": "movie", "title": "The Killer", "year": 1989 },
    { "type": "movie", "title": "A Better Tomorrow", "year": 1986 },
    { "type": "movie", "title": "A Better Tomorrow II", "year": 1987 },

    { "type": "movie", "title": "Police Story", "year": 1985 },
    { "type": "movie", "title": "Police Story 2", "year": 1988 },
    { "type": "movie", "title": "Police Story 3: Supercop", "year": 1992 },
    { "type": "movie", "title": "Armour of God", "year": 1986 },
    { "type": "movie", "title": "Armour of God II: Operation Condor", "year": 1991 },
    { "type": "movie", "title": "Rumble in the Bronx", "year": 1995 },
    { "type": "movie", "title": "Who Am I?", "year": 1998 },
    { "type": "movie", "title": "Rush Hour", "year": 1998 },
    { "type": "movie", "title": "Drunken Master II", "year": 1994 },

    { "type": "movie", "title": "Once Upon a Time in China", "year": 1991 },
    { "type": "movie", "title": "Fist of Legend", "year": 1994 },
    { "type": "movie", "title": "Black Mask", "year": 1996 },

    { "type": "movie", "title": "Bad Boys", "year": 1995 },
    { "type": "movie", "title": "The Long Kiss Goodnight", "year": 1996 },
    { "type": "movie", "title": "GoldenEye", "year": 1995 },
    { "type": "movie", "title": "Tomorrow Never Dies", "year": 1997 },
    { "type": "movie", "title": "The World Is Not Enough", "year": 1999 },
    { "type": "movie", "title": "Licence to Kill", "year": 1989 },
    { "type": "movie", "title": "A View to a Kill", "year": 1985 },

    { "type": "movie", "title": "Heat", "year": 1995 },
    { "type": "movie", "title": "Ronin", "year": 1998 },
    { "type": "movie", "title": "Leon: The Professional", "year": 1994 },
    { "type": "movie", "title": "La Femme Nikita", "year": 1990 },
    { "type": "movie", "title": "Broken Arrow", "year": 1996 },
    { "type": "movie", "title": "Hard Rain", "year": 1998 },
    { "type": "movie", "title": "Enemy of the State", "year": 1998 },

    { "type": "movie", "title": "Beverly Hills Cop", "year": 1984 },
    { "type": "movie", "title": "Beverly Hills Cop II", "year": 1987 },
    { "type": "movie", "title": "Beverly Hills Cop III", "year": 1994 },

    { "type": "movie", "title": "American Ninja", "year": 1985 },
    { "type": "movie", "title": "American Ninja 2: The Confrontation", "year": 1987 },
    { "type": "movie", "title": "American Ninja 3: Blood Hunt", "year": 1989 },
    { "type": "movie", "title": "American Ninja 4: The Annihilation", "year": 1991 },

    { "type": "movie", "title": "The Delta Force", "year": 1986 },
    { "type": "movie", "title": "Delta Force 2: The Colombian Connection", "year": 1990 },
    { "type": "movie", "title": "Missing in Action", "year": 1984 },
    { "type": "movie", "title": "Missing in Action 2: The Beginning", "year": 1985 },
    { "type": "movie", "title": "Braddock: Missing in Action III", "year": 1988 },
    { "type": "movie", "title": "Invasion U.S.A.", "year": 1985 },
    { "type": "movie", "title": "Code of Silence", "year": 1985 },

    { "type": "movie", "title": "The Punisher", "year": 1989 },
    { "type": "movie", "title": "Red Scorpion", "year": 1988 },
    { "type": "movie", "title": "Masters of the Universe", "year": 1987 },
    { "type": "movie", "title": "Showdown in Little Tokyo", "year": 1991 },
    { "type": "movie", "title": "Rapid Fire", "year": 1992 },
    { "type": "movie", "title": "The Crow", "year": 1994 },

    { "type": "movie", "title": "Aliens", "year": 1986 },
    { "type": "movie", "title": "The Hunt for Red October", "year": 1990 },
    { "type": "movie", "title": "Independence Day", "year": 1996 },
    { "type": "movie", "title": "Armageddon", "year": 1998 }
  ]
}
