{
  "id": "animated_films_all",
  "title": "Animované filmy (pro děti i dospělé)",
  "subtitle": "Od disneyovských klasik přes Pixar a DreamWorks po anime a dospělou animaci",
  "language": "cs",
  "version": 1,
  "updated_at": "2025-08-17T14:25:00+02:00",
  "items": [
    { "type": "movie", "title": "Snow White and the Seven Dwarfs", "year": 1937 },
    { "type": "movie", "title": "Pinocchio", "year": 1940 },
    { "type": "movie", "title": "Fantasia", "year": 1940 },
    { "type": "movie", "title": "Dumbo", "year": 1941 },
    { "type": "movie", "title": "Bambi", "year": 1942 },
    { "type": "movie", "title": "Cinderella", "year": 1950 },
    { "type": "movie", "title": "Alice in Wonderland", "year": 1951 },
    { "type": "movie", "title": "Peter Pan", "year": 1953 },
    { "type": "movie", "title": "Lady and the Tramp", "year": 1955 },
    { "type": "movie", "title": "Sleeping Beauty", "year": 1959 },
    { "type": "movie", "title": "One Hundred and One Dalmatians", "year": 1961 },
    { "type": "movie", "title": "The Jungle Book", "year": 1967 },
    { "type": "movie", "title": "The Aristocats", "year": 1970 },
    { "type": "movie", "title": "Robin Hood", "year": 1973 },
    { "type": "movie", "title": "The Rescuers", "year": 1977 },
    { "type": "movie", "title": "The Fox and the Hound", "year": 1981 },
    { "type": "movie", "title": "The Great Mouse Detective", "year": 1986 },
    { "type": "movie", "title": "The Little Mermaid", "year": 1989 },
    { "type": "movie", "title": "Beauty and the Beast", "year": 1991 },
    { "type": "movie", "title": "Aladdin", "year": 1992 },
    { "type": "movie", "title": "The Lion King", "year": 1994 },
    { "type": "movie", "title": "Pocahontas", "year": 1995 },
    { "type": "movie", "title": "The Hunchback of Notre Dame", "year": 1996 },
    { "type": "movie", "title": "Hercules", "year": 1997 },
    { "type": "movie", "title": "Mulan", "year": 1998 },
    { "type": "movie", "title": "Tarzan", "year": 1999 },
    { "type": "movie", "title": "Lilo & Stitch", "year": 2002 },
    { "type": "movie", "title": "Treasure Planet", "year": 2002 },
    { "type": "movie", "title": "Brother Bear", "year": 2003 },
    { "type": "movie", "title": "The Princess and the Frog", "year": 2009 },
    { "type": "movie", "title": "Tangled", "year": 2010 },
    { "type": "movie", "title": "Wreck-It Ralph", "year": 2012 },
    { "type": "movie", "title": "Frozen", "year": 2013 },
    { "type": "movie", "title": "Big Hero 6", "year": 2014 },
    { "type": "movie", "title": "Zootopia", "year": 2016 },
    { "type": "movie", "title": "Moana", "year": 2016 },
    { "type": "movie", "title": "Ralph Breaks the Internet", "year": 2018 },
    { "type": "movie", "title": "Frozen II", "year": 2019 },
    { "type": "movie", "title": "Raya and the Last Dragon", "year": 2021 },
    { "type": "movie", "title": "Encanto", "year": 2021 },
    { "type": "movie", "title": "Strange World", "year": 2022 },
    { "type": "movie", "title": "Wish", "year": 2023 },

    { "type": "movie", "title": "Toy Story", "year": 1995 },
    { "type": "movie", "title": "A Bug's Life", "year": 1998 },
    { "type": "movie", "title": "Toy Story 2", "year": 1999 },
    { "type": "movie", "title": "Monsters, Inc.", "year": 2001 },
    { "type": "movie", "title": "Finding Nemo", "year": 2003 },
    { "type": "movie", "title": "The Incredibles", "year": 2004 },
    { "type": "movie", "title": "Cars", "year": 2006 },
    { "type": "movie", "title": "Ratatouille", "year": 2007 },
    { "type": "movie", "title": "WALL·E", "year": 2008 },
    { "type": "movie", "title": "Up", "year": 2009 },
    { "type": "movie", "title": "Toy Story 3", "year": 2010 },
    { "type": "movie", "title": "Cars 2", "year": 2011 },
    { "type": "movie", "title": "Brave", "year": 2012 },
    { "type": "movie", "title": "Monsters University", "year": 2013 },
    { "type": "movie", "title": "Inside Out", "year": 2015 },
    { "type": "movie", "title": "The Good Dinosaur", "year": 2015 },
    { "type": "movie", "title": "Finding Dory", "year": 2016 },
    { "type": "movie", "title": "Cars 3", "year": 2017 },
    { "type": "movie", "title": "Coco", "year": 2017 },
    { "type": "movie", "title": "Incredibles 2", "year": 2018 },
    { "type": "movie", "title": "Toy Story 4", "year": 2019 },
    { "type": "movie", "title": "Onward", "year": 2020 },
    { "type": "movie", "title": "Soul", "year": 2020 },
    { "type": "movie", "title": "Luca", "year": 2021 },
    { "type": "movie", "title": "Turning Red", "year": 2022 },
    { "type": "movie", "title": "Elemental", "year": 2023 },
    { "type": "movie", "title": "Inside Out 2", "year": 2024 },

    { "type": "movie", "title": "Shrek", "year": 2001 },
    { "type": "movie", "title": "Shrek 2", "year": 2004 },
    { "type": "movie", "title": "Shrek the Third", "year": 2007 },
    { "type": "movie", "title": "Shrek Forever After", "year": 2010 },
    { "type": "movie", "title": "Puss in Boots", "year": 2011 },
    { "type": "movie", "title": "Puss in Boots: The Last Wish", "year": 2022 },
    { "type": "movie", "title": "Madagascar", "year": 2005 },
    { "type": "movie", "title": "Madagascar: Escape 2 Africa", "year": 2008 },
    { "type": "movie", "title": "Madagascar 3: Europe's Most Wanted", "year": 2012 },
    { "type": "movie", "title": "Kung Fu Panda", "year": 2008 },
    { "type": "movie", "title": "Kung Fu Panda 2", "year": 2011 },
    { "type": "movie", "title": "Kung Fu Panda 3", "year": 2016 },
    { "type": "movie", "title": "Kung Fu Panda 4", "year": 2024 },
    { "type": "movie", "title": "How to Train Your Dragon", "year": 2010 },
    { "type": "movie", "title": "How to Train Your Dragon 2", "year": 2014 },
    { "type": "movie", "title": "How to Train Your Dragon: The Hidden World", "year": 2019 },
    { "type": "movie", "title": "The Prince of Egypt", "year": 1998 },
    { "type": "movie", "title": "The Road to El Dorado", "year": 2000 },
    { "type": "movie", "title": "Spirit: Stallion of the Cimarron", "year": 2002 },
    { "type": "movie", "title": "Megamind", "year": 2010 },
    { "type": "movie", "title": "The Croods", "year": 2013 },
    { "type": "movie", "title": "The Croods: A New Age", "year": 2020 },
    { "type": "movie", "title": "Rise of the Guardians", "year": 2012 },
    { "type": "movie", "title": "Abominable", "year": 2019 },
    { "type": "movie", "title": "The Bad Guys", "year": 2022 },
    { "type": "movie", "title": "Trolls", "year": 2016 },
    { "type": "movie", "title": "Trolls World Tour", "year": 2020 },
    { "type": "movie", "title": "Trolls Band Together", "year": 2023 },

    { "type": "movie", "title": "Despicable Me", "year": 2010 },
    { "type": "movie", "title": "Despicable Me 2", "year": 2013 },
    { "type": "movie", "title": "Minions", "year": 2015 },
    { "type": "movie", "title": "The Secret Life of Pets", "year": 2016 },
    { "type": "movie", "title": "Sing", "year": 2016 },
    { "type": "movie", "title": "Despicable Me 3", "year": 2017 },
    { "type": "movie", "title": "The Grinch", "year": 2018 },
    { "type": "movie", "title": "The Secret Life of Pets 2", "year": 2019 },
    { "type": "movie", "title": "Sing 2", "year": 2021 },
    { "type": "movie", "title": "Minions: The Rise of Gru", "year": 2022 },
    { "type": "movie", "title": "The Super Mario Bros. Movie", "year": 2023 },
    { "type": "movie", "title": "Despicable Me 4", "year": 2024 },

    { "type": "movie", "title": "The Iron Giant", "year": 1999 },
    { "type": "movie", "title": "Space Jam", "year": 1996 },
    { "type": "movie", "title": "Space Jam: A New Legacy", "year": 2021 },
    { "type": "movie", "title": "The LEGO Movie", "year": 2014 },
    { "type": "movie", "title": "The LEGO Batman Movie", "year": 2017 },
    { "type": "movie", "title": "The LEGO Movie 2: The Second Part", "year": 2019 },
    { "type": "movie", "title": "Rango", "year": 2011 },
    { "type": "movie", "title": "Klaus", "year": 2019 },
    { "type": "movie", "title": "The Mitchells vs. the Machines", "year": 2021 },
    { "type": "movie", "title": "Teenage Mutant Ninja Turtles: Mutant Mayhem", "year": 2023 },
    { "type": "movie", "title": "Nimona", "year": 2023 },

    { "type": "movie", "title": "Chicken Run", "year": 2000 },
    { "type": "movie", "title": "Wallace & Gromit: The Curse of the Were-Rabbit", "year": 2005 },
    { "type": "movie", "title": "Flushed Away", "year": 2006 },
    { "type": "movie", "title": "Arthur Christmas", "year": 2011 },
    { "type": "movie", "title": "Shaun the Sheep Movie", "year": 2015 },
    { "type": "movie", "title": "Early Man", "year": 2018 },
    { "type": "movie", "title": "A Shaun the Sheep Movie: Farmageddon", "year": 2019 },
    { "type": "movie", "title": "Chicken Run: Dawn of the Nugget", "year": 2023 },

    { "type": "movie", "title": "The Nightmare Before Christmas", "year": 1993 },
    { "type": "movie", "title": "Corpse Bride", "year": 2005 },
    { "type": "movie", "title": "Frankenweenie", "year": 2012 },
    { "type": "movie", "title": "Coraline", "year": 2009 },
    { "type": "movie", "title": "ParaNorman", "year": 2012 },
    { "type": "movie", "title": "The Boxtrolls", "year": 2014 },
    { "type": "movie", "title": "Kubo and the Two Strings", "year": 2016 },
    { "type": "movie", "title": "Missing Link", "year": 2019 },

    { "type": "movie", "title": "Nausicaä of the Valley of the Wind", "year": 1984 },
    { "type": "movie", "title": "Castle in the Sky", "year": 1986 },
    { "type": "movie", "title": "My Neighbor Totoro", "year": 1988 },
    { "type": "movie", "title": "Grave of the Fireflies", "year": 1988 },
    { "type": "movie", "title": "Kiki's Delivery Service", "year": 1989 },
    { "type": "movie", "title": "Only Yesterday", "year": 1991 },
    { "type": "movie", "title": "Porco Rosso", "year": 1992 },
    { "type": "movie", "title": "Pom Poko", "year": 1994 },
    { "type": "movie", "title": "Whisper of the Heart", "year": 1995 },
    { "type": "movie", "title": "Princess Mononoke", "year": 1997 },
    { "type": "movie", "title": "Spirited Away", "year": 2001 },
    { "type": "movie", "title": "The Cat Returns", "year": 2002 },
    { "type": "movie", "title": "Howl's Moving Castle", "year": 2004 },
    { "type": "movie", "title": "Tales from Earthsea", "year": 2006 },
    { "type": "movie", "title": "Ponyo", "year": 2008 },
    { "type": "movie", "title": "The Secret World of Arrietty", "year": 2010 },
    { "type": "movie", "title": "From Up on Poppy Hill", "year": 2011 },
    { "type": "movie", "title": "The Wind Rises", "year": 2013 },
    { "type": "movie", "title": "The Tale of the Princess Kaguya", "year": 2013 },
    { "type": "movie", "title": "When Marnie Was There", "year": 2014 },
    { "type": "movie", "title": "Earwig and the Witch", "year": 2020 },
    { "type": "movie", "title": "The Boy and the Heron", "year": 2023 },

    { "type": "movie", "title": "Akira", "year": 1988 },
    { "type": "movie", "title": "Ghost in the Shell", "year": 1995 },
    { "type": "movie", "title": "Perfect Blue", "year": 1997 },
    { "type": "movie", "title": "Millennium Actress", "year": 2001 },
    { "type": "movie", "title": "Tokyo Godfathers", "year": 2003 },
    { "type": "movie", "title": "Paprika", "year": 2006 },
    { "type": "movie", "title": "The Girl Who Leapt Through Time", "year": 2006 },
    { "type": "movie", "title": "Summer Wars", "year": 2009 },
    { "type": "movie", "title": "Wolf Children", "year": 2012 },
    { "type": "movie", "title": "The Boy and the Beast", "year": 2015 },
    { "type": "movie", "title": "Your Name.", "year": 2016 },
    { "type": "movie", "title": "A Silent Voice", "year": 2016 },
    { "type": "movie", "title": "Mary and the Witch's Flower", "year": 2017 },
    { "type": "movie", "title": "Maquia: When the Promised Flower Blooms", "year": 2018 },
    { "type": "movie", "title": "Mirai", "year": 2018 },
    { "type": "movie", "title": "Weathering with You", "year": 2019 },
    { "type": "movie", "title": "Belle", "year": 2021 },
    { "type": "movie", "title": "Suzume", "year": 2022 },

    { "type": "movie", "title": "Persepolis", "year": 2007 },
    { "type": "movie", "title": "Waltz with Bashir", "year": 2008 },
    { "type": "movie", "title": "Fantastic Planet", "year": 1973 },
    { "type": "movie", "title": "The Triplets of Belleville", "year": 2003 },
    { "type": "movie", "title": "The Illusionist", "year": 2010 },
    { "type": "movie", "title": "Chico & Rita", "year": 2010 },
    { "type": "movie", "title": "Song of the Sea", "year": 2014 },
    { "type": "movie", "title": "The Secret of Kells", "year": 2009 },
    { "type": "movie", "title": "The Breadwinner", "year": 2017 },
    { "type": "movie", "title": "Wolfwalkers", "year": 2020 },
    { "type": "movie", "title": "The Red Turtle", "year": 2016 },
    { "type": "movie", "title": "I Lost My Body", "year": 2019 },
    { "type": "movie", "title": "My Life as a Zucchini", "year": 2016 },
    { "type": "movie", "title": "Robot Dreams", "year": 2023 },

    { "type": "movie", "title": "Spider-Man: Into the Spider-Verse", "year": 2018 },
    { "type": "movie", "title": "Spider-Man: Across the Spider-Verse", "year": 2023 },

    { "type": "movie", "title": "South Park: Bigger, Longer & Uncut", "year": 1999 },
    { "type": "movie", "title": "Anomalisa", "year": 2015 },
    { "type": "movie", "title": "A Scanner Darkly", "year": 2006 },
    { "type": "movie", "title": "Heavy Metal", "year": 1981 },
    { "type": "movie", "title": "Fritz the Cat", "year": 1972 },
    { "type": "movie", "title": "Sausage Party", "year": 2016 },
    { "type": "movie", "title": "Flee", "year": 2021 },
    { "type": "movie", "title": "Watership Down", "year": 1978 },
    { "type": "movie", "title": "The Plague Dogs", "year": 1982 }
  ]
}
