{
  "id": "comedies_80s_90s_00s",
  "title": "Klasické světové komedie (80.–00. léta)",
  "subtitle": "Kultovní a oblíbené komedie z 80., 90. a 2000. let",
  "language": "cs",
  "version": 1,
  "updated_at": "2025-08-16T12:00:00+02:00",
  "items": [
    { "type": "movie", "title": "Airplane!", "year": 1980 },
    { "type": "movie", "title": "The Blues Brothers", "year": 1980 },
    { "type": "movie", "title": "Caddyshack", "year": 1980 },
    { "type": "movie", "title": "9 to 5", "year": 1980 },
    { "type": "movie", "title": "Stripes", "year": 1981 },
    { "type": "movie", "title": "Arthur", "year": 1981 },
    { "type": "movie", "title": "An American Werewolf in London", "year": 1981 },
    { "type": "movie", "title": "Tootsie", "year": 1982 },
    { "type": "movie", "title": "Fast Times at Ridgemont High", "year": 1982 },
    { "type": "movie", "title": "Trading Places", "year": 1983 },
    { "type": "movie", "title": "National Lampoon's Vacation", "year": 1983 },
    { "type": "movie", "title": "A Christmas Story", "year": 1983 },
    { "type": "movie", "title": "Ghostbusters", "year": 1984 },
    { "type": "movie", "title": "Police Academy", "year": 1984 },
    { "type": "movie", "title": "Beverly Hills Cop", "year": 1984 },
    { "type": "movie", "title": "This Is Spinal Tap", "year": 1984 },
    { "type": "movie", "title": "Gremlins", "year": 1984 },
    { "type": "movie", "title": "Back to the Future", "year": 1985 },
    { "type": "movie", "title": "Teen Wolf", "year": 1985 },
    { "type": "movie", "title": "Real Genius", "year": 1985 },
    { "type": "movie", "title": "Weird Science", "year": 1985 },
    { "type": "movie", "title": "Pee-wee's Big Adventure", "year": 1985 },
    { "type": "movie", "title": "Ferris Bueller's Day Off", "year": 1986 },
    { "type": "movie", "title": "Three Amigos!", "year": 1986 },
    { "type": "movie", "title": "Crocodile Dundee", "year": 1986 },
    { "type": "movie", "title": "Little Shop of Horrors", "year": 1986 },
    { "type": "movie", "title": "Spaceballs", "year": 1987 },
    { "type": "movie", "title": "Raising Arizona", "year": 1987 },
    { "type": "movie", "title": "The Princess Bride", "year": 1987 },
    { "type": "movie", "title": "Broadcast News", "year": 1987 },
    { "type": "movie", "title": "Planes, Trains & Automobiles", "year": 1987 },
    { "type": "movie", "title": "A Fish Called Wanda", "year": 1988 },
    { "type": "movie", "title": "Beetlejuice", "year": 1988 },
    { "type": "movie", "title": "Big", "year": 1988 },
    { "type": "movie", "title": "The Naked Gun: From the Files of Police Squad!", "year": 1988 },
    { "type": "movie", "title": "Coming to America", "year": 1988 },
    { "type": "movie", "title": "When Harry Met Sally...", "year": 1989 },
    { "type": "movie", "title": "Bill & Ted's Excellent Adventure", "year": 1989 },
    { "type": "movie", "title": "Major League", "year": 1989 },
    { "type": "movie", "title": "National Lampoon's Christmas Vacation", "year": 1989 },
    { "type": "movie", "title": "Heathers", "year": 1989 },

    { "type": "movie", "title": "Home Alone", "year": 1990 },
    { "type": "movie", "title": "Pretty Woman", "year": 1990 },
    { "type": "movie", "title": "Kindergarten Cop", "year": 1990 },
    { "type": "movie", "title": "Edward Scissorhands", "year": 1990 },
    { "type": "movie", "title": "City Slickers", "year": 1991 },
    { "type": "movie", "title": "The Addams Family", "year": 1991 },
    { "type": "movie", "title": "Wayne's World", "year": 1992 },
    { "type": "movie", "title": "My Cousin Vinny", "year": 1992 },
    { "type": "movie", "title": "Groundhog Day", "year": 1993 },
    { "type": "movie", "title": "Mrs. Doubtfire", "year": 1993 },
    { "type": "movie", "title": "Jurassic Park", "year": 1993 },
    { "type": "movie", "title": "The Sandlot", "year": 1993 },
    { "type": "movie", "title": "Dazed and Confused", "year": 1993 },
    { "type": "movie", "title": "Wayne's World 2", "year": 1993 },
    { "type": "movie", "title": "Ace Ventura: Pet Detective", "year": 1994 },
    { "type": "movie", "title": "Dumb and Dumber", "year": 1994 },
    { "type": "movie", "title": "The Mask", "year": 1994 },
    { "type": "movie", "title": "Four Weddings and a Funeral", "year": 1994 },
    { "type": "movie", "title": "Clerks", "year": 1994 },
    { "type": "movie", "title": "Ace Ventura: When Nature Calls", "year": 1995 },
    { "type": "movie", "title": "Clueless", "year": 1995 },
    { "type": "movie", "title": "Friday", "year": 1995 },
    { "type": "movie", "title": "Tommy Boy", "year": 1995 },
    { "type": "movie", "title": "Billy Madison", "year": 1995 },
    { "type": "movie", "title": "Happy Gilmore", "year": 1996 },
    { "type": "movie", "title": "Kingpin", "year": 1996 },
    { "type": "movie", "title": "The Birdcage", "year": 1996 },
    { "type": "movie", "title": "Fargo", "year": 1996 },
    { "type": "movie", "title": "Liar Liar", "year": 1997 },
    { "type": "movie", "title": "Austin Powers: International Man of Mystery", "year": 1997 },
    { "type": "movie", "title": "Men in Black", "year": 1997 },
    { "type": "movie", "title": "As Good as It Gets", "year": 1997 },
    { "type": "movie", "title": "The Full Monty", "year": 1997 },
    { "type": "movie", "title": "The Big Lebowski", "year": 1998 },
    { "type": "movie", "title": "There's Something About Mary", "year": 1998 },
    { "type": "movie", "title": "Rush Hour", "year": 1998 },
    { "type": "movie", "title": "The Truman Show", "year": 1998 },
    { "type": "movie", "title": "Rushmore", "year": 1998 },
    { "type": "movie", "title": "Lock, Stock and Two Smoking Barrels", "year": 1998 },
    { "type": "movie", "title": "American Pie", "year": 1999 },
    { "type": "movie", "title": "Office Space", "year": 1999 },
    { "type": "movie", "title": "Notting Hill", "year": 1999 },
    { "type": "movie", "title": "10 Things I Hate About You", "year": 1999 },
    { "type": "movie", "title": "Analyze This", "year": 1999 },
    { "type": "movie", "title": "Bowfinger", "year": 1999 },
    { "type": "movie", "title": "Galaxy Quest", "year": 1999 },
    { "type": "movie", "title": "Being John Malkovich", "year": 1999 },
    { "type": "movie", "title": "South Park: Bigger, Longer & Uncut", "year": 1999 },
    { "type": "movie", "title": "Austin Powers: The Spy Who Shagged Me", "year": 1999 },

    { "type": "movie", "title": "Meet the Parents", "year": 2000 },
    { "type": "movie", "title": "O Brother, Where Art Thou?", "year": 2000 },
    { "type": "movie", "title": "Scary Movie", "year": 2000 },
    { "type": "movie", "title": "Best in Show", "year": 2000 },
    { "type": "movie", "title": "Snatch", "year": 2000 },
    { "type": "movie", "title": "Bridget Jones's Diary", "year": 2001 },
    { "type": "movie", "title": "Legally Blonde", "year": 2001 },
    { "type": "movie", "title": "Zoolander", "year": 2001 },
    { "type": "movie", "title": "Shrek", "year": 2001 },
    { "type": "movie", "title": "Wet Hot American Summer", "year": 2001 },
    { "type": "movie", "title": "Super Troopers", "year": 2001 },
    { "type": "movie", "title": "Amélie", "year": 2001 },
    { "type": "movie", "title": "My Big Fat Greek Wedding", "year": 2002 },
    { "type": "movie", "title": "About a Boy", "year": 2002 },
    { "type": "movie", "title": "Ice Age", "year": 2002 },
    { "type": "movie", "title": "Old School", "year": 2003 },
    { "type": "movie", "title": "School of Rock", "year": 2003 },
    { "type": "movie", "title": "Love Actually", "year": 2003 },
    { "type": "movie", "title": "Elf", "year": 2003 },
    { "type": "movie", "title": "Pirates of the Caribbean: The Curse of the Black Pearl", "year": 2003 },
    { "type": "movie", "title": "Shaun of the Dead", "year": 2004 },
    { "type": "movie", "title": "Anchorman: The Legend of Ron Burgundy", "year": 2004 },
    { "type": "movie", "title": "Dodgeball: A True Underdog Story", "year": 2004 },
    { "type": "movie", "title": "Mean Girls", "year": 2004 },
    { "type": "movie", "title": "Napoleon Dynamite", "year": 2004 },
    { "type": "movie", "title": "The Incredibles", "year": 2004 },
    { "type": "movie", "title": "Sideways", "year": 2004 },
    { "type": "movie", "title": "Wedding Crashers", "year": 2005 },
    { "type": "movie", "title": "The 40-Year-Old Virgin", "year": 2005 },
    { "type": "movie", "title": "Hitch", "year": 2005 },
    { "type": "movie", "title": "Kiss Kiss Bang Bang", "year": 2005 },
    { "type": "movie", "title": "Borat: Cultural Learnings of America for Make Benefit Glorious Nation of Kazakhstan", "year": 2006 },
    { "type": "movie", "title": "Little Miss Sunshine", "year": 2006 },
    { "type": "movie", "title": "The Devil Wears Prada", "year": 2006 },
    { "type": "movie", "title": "Talladega Nights: The Ballad of Ricky Bobby", "year": 2006 },
    { "type": "movie", "title": "Hot Fuzz", "year": 2007 },
    { "type": "movie", "title": "Superbad", "year": 2007 },
    { "type": "movie", "title": "Knocked Up", "year": 2007 },
    { "type": "movie", "title": "Ratatouille", "year": 2007 },
    { "type": "movie", "title": "Juno", "year": 2007 },
    { "type": "movie", "title": "Forgetting Sarah Marshall", "year": 2008 },
    { "type": "movie", "title": "Tropic Thunder", "year": 2008 },
    { "type": "movie", "title": "Step Brothers", "year": 2008 },
    { "type": "movie", "title": "Pineapple Express", "year": 2008 },
    { "type": "movie", "title": "In Bruges", "year": 2008 },
    { "type": "movie", "title": "Burn After Reading", "year": 2008 },
    { "type": "movie", "title": "The Hangover", "year": 2009 },
    { "type": "movie", "title": "Zombieland", "year": 2009 },
    { "type": "movie", "title": "I Love You, Man", "year": 2009 },
    { "type": "movie", "title": "(500) Days of Summer", "year": 2009 }
  ]
}
