{
  "id": "cz_vanoce",
  "title": "České Vánoce",
  "subtitle": "Vánoční klasiky, pohádky a sváteční epizody",
  "language": "cs",
  "version": 1,
  "updated_at": "2025-08-16T00:00:00+02:00",
  "items": [
    { "type": "movie", "title": "Tři oříšky pro Popelku", "year": 1973 },
    { "type": "movie", "title": "S čerty nejsou žerty", "year": 1984 },
    { "type": "movie", "title": "Anděl Páně", "year": 2005 },
    { "type": "movie", "title": "Anděl Páně 2", "year": 2016 },
    { "type": "movie", "title": "Pelíšky", "year": 1999 },
    { "type": "movie", "title": "Tři veteráni", "year": 1983 },
    { "type": "movie", "title": "Princezna se zlatou hvězdou", "year": 1959 },
    { "type": "movie", "title": "Pyšná princezna", "year": 1952 },
    { "type": "movie", "title": "Šíleně smutná princezna", "year": 1968 },
    { "type": "movie", "title": "Jak se budí princezny", "year": 1977 },
    { "type": "movie", "title": "Princ a Večernice", "year": 1979 },
    { "type": "movie", "title": "O princezně Jasněnce a létajícím ševci", "year": 1987 },
    { "type": "movie", "title": "Panna a netvor", "year": 1978 },
    { "type": "movie", "title": "Deváté srdce", "year": 1978 },
    { "type": "movie", "title": "O statečném kováři", "year": 1983 },
    { "type": "movie", "title": "Hrátky s čertem", "year": 1956 },
    { "type": "movie", "title": "Byl jednou jeden král", "year": 1954 },
    { "type": "movie", "title": "Císařův pekař – Pekařův císař", "year": 1951 },
    { "type": "movie", "title": "Dařbuján a Pandrhola", "year": 1959 },
    { "type": "movie", "title": "Noc na Karlštejně", "year": 1973 },
    { "type": "movie", "title": "Dívka na koštěti", "year": 1971 },
    { "type": "movie", "title": "Ať žijí duchové!", "year": 1977 },
    { "type": "movie", "title": "Princezna ze mlejna", "year": 1994 },
    { "type": "movie", "title": "Princezna ze mlejna 2", "year": 2000 },
    { "type": "movie", "title": "Z pekla štěstí", "year": 1999 },
    { "type": "movie", "title": "Z pekla štěstí 2", "year": 2001 },
    { "type": "movie", "title": "Nejkrásnější hádanka", "year": 2008 },
    { "type": "movie", "title": "Dešťová víla", "year": 2010 },
    { "type": "movie", "title": "Tajemství staré bambitky", "year": 2011 },
    { "type": "movie", "title": "Tajemství staré bambitky 2", "year": 2021 },
    { "type": "movie", "title": "Kouzla králů", "year": 2008 },
    { "type": "movie", "title": "Princezna a písař", "year": 2014 },
    { "type": "movie", "title": "Princezna a půl království", "year": 2019 },
    { "type": "movie", "title": "Korunní princ", "year": 2015 },
    { "type": "movie", "title": "Sedmero krkavců", "year": 2015 },
    { "type": "movie", "title": "Čertí brko", "year": 2018 },
    { "type": "movie", "title": "Tři bratři", "year": 2014 },
    { "type": "movie", "title": "Koloběžka první", "year": 1984 },
    { "type": "movie", "title": "Láska rohatá", "year": 2009 },
    { "type": "movie", "title": "Přání k mání", "year": 2017 },
    { "type": "movie", "title": "Veselé Vánoce přejí chobotnice", "year": 1986 },
    { "type": "movie", "title": "Zlatovláska", "year": 1973 },
    { "type": "movie", "title": "Princ Bajaja", "year": 1971 },
    { "type": "movie", "title": "Jak vytrhnout velrybě stoličku", "year": 1977 },
    { "type": "movie", "title": "Jak dostat tatínka do polepšovny", "year": 1978 },

    { "type": "tv", "title": "Comeback", "year": 2008,
      "episodes": [ { "season": 1, "episode": 16, "title": "Heavy Christmas" } ] },

    { "type": "tv", "title": "Vyprávěj", "year": 2009,
      "episodes": [ { "season": 1, "episode": 16, "title": "Vánoce" } ] },

    { "type": "tv", "title": "Bylo nás pět", "year": 1994,
      "episodes": [ { "season": 1, "episode": 4, "title": "Pokoj lidem dobré vůle" } ] },

    { "type": "tv", "title": "Hospoda", "year": 1996,
      "episodes": [ { "season": 1, "episode": 17, "title": "Šťastné a veselé" } ] },

    { "type": "tv", "title": "Chobotnice z II. patra", "year": 1986,
      "episodes": [ { "season": 1, "episode": 4, "title": "Veselé Vánoce přejí Zelená a Modrý" } ] }
  ]
}
