{
  "id": "czsk_best_post1989",
  "title": "Nejlepší české a slovenské filmy (po roce 1989)",
  "subtitle": "Kurátorovaný výběr 1990–2025 (hraný film, CZ/SK koprodukce vítány)",
  "language": "cs",
  "version": 1,
  "updated_at": "2025-08-16T09:00:00+02:00",
  "items": [
    { "type": "movie", "title": "Obecná škola", "year": 1991 },
    { "type": "movie", "title": "Requiem pro panenku", "year": 1991 },
    { "type": "movie", "title": "Všetko čo mám rád", "year": 1992 },
    { "type": "movie", "title": "Šakalí léta", "year": 1993 },
    { "type": "movie", "title": "Díky za každé nové ráno", "year": 1994 },
    { "type": "movie", "title": "Jízda", "year": 1994 },
    { "type": "movie", "title": "Akumulátor 1", "year": 1994 },
    { "type": "movie", "title": "Záhrada", "year": 1995 },
    { "type": "movie", "title": "Kolja", "year": 1996 },
    { "type": "movie", "title": "Zapomenuté světlo", "year": 1996 },
    { "type": "movie", "title": "Šeptej", "year": 1996 },
    { "type": "movie", "title": "Knoflíkáři", "year": 1997 },
    { "type": "movie", "title": "Orbis Pictus", "year": 1997 },
    { "type": "movie", "title": "Je třeba zabít Sekala", "year": 1998 },
    { "type": "movie", "title": "Pelíšky", "year": 1999 },
    { "type": "movie", "title": "Návrat idiota", "year": 1999 },

    { "type": "movie", "title": "Musíme si pomáhat", "year": 2000 },
    { "type": "movie", "title": "Samotáři", "year": 2000 },
    { "type": "movie", "title": "Kytice", "year": 2000 },
    { "type": "movie", "title": "Cesta z města", "year": 2000 },
    { "type": "movie", "title": "Tmavomodrý svět", "year": 2001 },
    { "type": "movie", "title": "Divoké včely", "year": 2001 },
    { "type": "movie", "title": "Výlet", "year": 2002 },
    { "type": "movie", "title": "Smradi", "year": 2002 },
    { "type": "movie", "title": "Nuda v Brně", "year": 2003 },
    { "type": "movie", "title": "Jedna ruka netleská", "year": 2003 },
    { "type": "movie", "title": "Pupendo", "year": 2003 },
    { "type": "movie", "title": "Želary", "year": 2003 },
    { "type": "movie", "title": "Horem pádem", "year": 2004 },
    { "type": "movie", "title": "Štěstí", "year": 2005 },
    { "type": "movie", "title": "Příběhy obyčejného šílenství", "year": 2005 },
    { "type": "movie", "title": "Otesánek", "year": 2000 },
    { "type": "movie", "title": "Šílení", "year": 2005 },
    { "type": "movie", "title": "Obsluhoval jsem anglického krále", "year": 2006 },
    { "type": "movie", "title": "Kráska v nesnázích", "year": 2006 },
    { "type": "movie", "title": "Vratné lahve", "year": 2007 },
    { "type": "movie", "title": "Medvídek", "year": 2007 },
    { "type": "movie", "title": "Venkovský učitel", "year": 2008 },
    { "type": "movie", "title": "Tobruk", "year": 2008 },
    { "type": "movie", "title": "Karamazovi", "year": 2008 },
    { "type": "movie", "title": "U mě dobrý", "year": 2008 },
    { "type": "movie", "title": "Kawasakiho růže", "year": 2009 },
    { "type": "movie", "title": "Protektor", "year": 2009 },
    { "type": "movie", "title": "3 sezóny v pekle", "year": 2009 },

    { "type": "movie", "title": "Pouta", "year": 2010 },
    { "type": "movie", "title": "Kuky se vrací", "year": 2010 },
    { "type": "movie", "title": "Občanský průkaz", "year": 2010 },
    { "type": "movie", "title": "Nevinnost", "year": 2011 },
    { "type": "movie", "title": "Alois Nebel", "year": 2011 },
    { "type": "movie", "title": "Ve stínu", "year": 2012 },
    { "type": "movie", "title": "Polski film", "year": 2012 },
    { "type": "movie", "title": "Fair Play", "year": 2014 },
    { "type": "movie", "title": "Díra u Hanušovic", "year": 2014 },
    { "type": "movie", "title": "Kobry a užovky", "year": 2015 },
    { "type": "movie", "title": "Domácí péče", "year": 2015 },
    { "type": "movie", "title": "Ztraceni v Mnichově", "year": 2015 },
    { "type": "movie", "title": "Učitelka", "year": 2016 },
    { "type": "movie", "title": "Já, Olga Hepnarová", "year": 2016 },
    { "type": "movie", "title": "Masaryk", "year": 2016 },
    { "type": "movie", "title": "Anthropoid", "year": 2016 },
    { "type": "movie", "title": "Po strništi bos", "year": 2017 },
    { "type": "movie", "title": "Bába z ledu", "year": 2017 },
    { "type": "movie", "title": "Křižáček", "year": 2017 },
    { "type": "movie", "title": "Hastrman", "year": 2018 },
    { "type": "movie", "title": "Toman", "year": 2018 },
    { "type": "movie", "title": "Tlumočník", "year": 2018 },
    { "type": "movie", "title": "Všechno bude", "year": 2018 },
    { "type": "movie", "title": "Vlastníci", "year": 2019 },
    { "type": "movie", "title": "Nabarvené ptáče", "year": 2019 },
    { "type": "movie", "title": "Na střeše", "year": 2019 },
    { "type": "movie", "title": "Staříci", "year": 2019 },

    { "type": "movie", "title": "Šarlatán", "year": 2020 },
    { "type": "movie", "title": "Krajina ve stínu", "year": 2020 },
    { "type": "movie", "title": "Okupace", "year": 2020 },
    { "type": "movie", "title": "Chyby", "year": 2021 },
    { "type": "movie", "title": "Zátopek", "year": 2021 },
    { "type": "movie", "title": "Atlas ptáků", "year": 2021 },
    { "type": "movie", "title": "Il Boemo", "year": 2022 },
    { "type": "movie", "title": "Arvéd", "year": 2022 },
    { "type": "movie", "title": "Banger.", "year": 2022 },
    { "type": "movie", "title": "Bratři", "year": 2023 },
    { "type": "movie", "title": "Bod obnovy", "year": 2023 },
    { "type": "movie", "title": "Přišla v noci", "year": 2023 },

    { "type": "movie", "title": "Krajinka", "year": 2000 },
    { "type": "movie", "title": "Slnečný štát", "year": 2005 },
    { "type": "movie", "title": "Muzika", "year": 2008 },
    { "type": "movie", "title": "Cigán", "year": 2011 },
    { "type": "movie", "title": "Dom", "year": 2011 },
    { "type": "movie", "title": "Môj pes Killer", "year": 2013 },
    { "type": "movie", "title": "Eva Nová", "year": 2015 },
    { "type": "movie", "title": "Čiara", "year": 2017 },
    { "type": "movie", "title": "Piata loď", "year": 2017 },
    { "type": "movie", "title": "Ostrým nožom", "year": 2019 },
    { "type": "movie", "title": "Budiž světlo", "year": 2019 },
    { "type": "movie", "title": "Sviňa", "year": 2020 },
    { "type": "movie", "title": "Služobníci", "year": 2020 },
    { "type": "movie", "title": "Správa", "year": 2021 },
    { "type": "movie", "title": "Cenzorka (107 Mothers)", "year": 2021 },
    { "type": "movie", "title": "Piargy", "year": 2022 },
    { "type": "movie", "title": "Svetlonoc", "year": 2022 },

    { "type": "movie", "title": "Spiklenci slasti", "year": 1996 },
    { "type": "movie", "title": "O rodičích a dětech", "year": 2008 },
    { "type": "movie", "title": "Rodinný film", "year": 2015 },
    { "type": "movie", "title": "Poupata", "year": 2011 },
    { "type": "movie", "title": "Občanská výchova mládeže", "year": 2007 },
    { "type": "movie", "title": "Mňága – Happy End", "year": 1996 },
    { "type": "movie", "title": "Jednotka intenzivního života", "year": 2021 },
    { "type": "movie", "title": "Karel, já a ty", "year": 2019 },
    { "type": "movie", "title": "Havel", "year": 2020 },
    { "type": "movie", "title": "Dukla 61", "year": 2018 }
  ]
}
