{
  "id": "disaster_films",
  "title": "Katastrofické filmy",
  "subtitle": "Zemětřesení, tsunami, sopky, tornáda, pandemie a globální hrozby",
  "language": "cs",
  "version": 1,
  "updated_at": "2025-08-16T13:20:00+02:00",
  "items": [
    { "type": "movie", "title": "When Worlds Collide", "year": 1951 },
    { "type": "movie", "title": "The Day the Earth Caught Fire", "year": 1961 },
    { "type": "movie", "title": "Krakatoa, East of Java", "year": 1968 },
    { "type": "movie", "title": "A Night to Remember", "year": 1958 },
    { "type": "movie", "title": "On the Beach", "year": 1959 },
    { "type": "movie", "title": "The Andromeda Strain", "year": 1971 },
    { "type": "movie", "title": "Airport", "year": 1970 },
    { "type": "movie", "title": "Airport 1975", "year": 1974 },
    { "type": "movie", "title": "Airport '77", "year": 1977 },
    { "type": "movie", "title": "The Concorde... Airport '79", "year": 1979 },
    { "type": "movie", "title": "The Poseidon Adventure", "year": 1972 },
    { "type": "movie", "title": "Beyond the Poseidon Adventure", "year": 1979 },
    { "type": "movie", "title": "The Towering Inferno", "year": 1974 },
    { "type": "movie", "title": "Earthquake", "year": 1974 },
    { "type": "movie", "title": "The Hindenburg", "year": 1975 },
    { "type": "movie", "title": "The Cassandra Crossing", "year": 1976 },
    { "type": "movie", "title": "The Swarm", "year": 1978 },
    { "type": "movie", "title": "Meteor", "year": 1979 },
    { "type": "movie", "title": "The China Syndrome", "year": 1979 },
    { "type": "movie", "title": "When Time Ran Out...", "year": 1980 },
    { "type": "movie", "title": "Testament", "year": 1983 },
    { "type": "movie", "title": "The Day After", "year": 1983 },
    { "type": "movie", "title": "Threads", "year": 1984 },
    { "type": "movie", "title": "Miracle Mile", "year": 1988 },
    { "type": "movie", "title": "By Dawn's Early Light", "year": 1990 },

    { "type": "movie", "title": "Twister", "year": 1996 },
    { "type": "movie", "title": "Dante's Peak", "year": 1997 },
    { "type": "movie", "title": "Volcano", "year": 1997 },
    { "type": "movie", "title": "Titanic", "year": 1997 },
    { "type": "movie", "title": "Armageddon", "year": 1998 },
    { "type": "movie", "title": "Deep Impact", "year": 1998 },
    { "type": "movie", "title": "Hard Rain", "year": 1998 },
    { "type": "movie", "title": "The Perfect Storm", "year": 2000 },
    { "type": "movie", "title": "The Core", "year": 2003 },
    { "type": "movie", "title": "The Day After Tomorrow", "year": 2004 },
    { "type": "movie", "title": "Poseidon", "year": 2006 },
    { "type": "movie", "title": "Flood", "year": 2007 },
    { "type": "movie", "title": "Sunshine", "year": 2007 },
    { "type": "movie", "title": "2012", "year": 2009 },
    { "type": "movie", "title": "Knowing", "year": 2009 },
    { "type": "movie", "title": "The Impossible", "year": 2012 },
    { "type": "movie", "title": "All Is Lost", "year": 2013 },
    { "type": "movie", "title": "Gravity", "year": 2013 },
    { "type": "movie", "title": "Into the Storm", "year": 2014 },
    { "type": "movie", "title": "Pompeii", "year": 2014 },
    { "type": "movie", "title": "San Andreas", "year": 2015 },
    { "type": "movie", "title": "Everest", "year": 2015 },
    { "type": "movie", "title": "The 33", "year": 2015 },
    { "type": "movie", "title": "Deepwater Horizon", "year": 2016 },
    { "type": "movie", "title": "The Finest Hours", "year": 2016 },
    { "type": "movie", "title": "Geostorm", "year": 2017 },
    { "type": "movie", "title": "Only the Brave", "year": 2017 },
    { "type": "movie", "title": "Greenland", "year": 2020 },
    { "type": "movie", "title": "Fukushima 50", "year": 2020 },
    { "type": "movie", "title": "Don't Look Up", "year": 2021 },
    { "type": "movie", "title": "The Burning Sea", "year": 2021 },
    { "type": "movie", "title": "Moonfall", "year": 2022 },
    { "type": "movie", "title": "Twisters", "year": 2024 },

    { "type": "movie", "title": "The Wave", "year": 2015 },
    { "type": "movie", "title": "The Quake", "year": 2018 },
    { "type": "movie", "title": "Haeundae (Tidal Wave)", "year": 2009 },
    { "type": "movie", "title": "The Sinking of Japan", "year": 2006 },
    { "type": "movie", "title": "Submersion of Japan", "year": 1973 },
    { "type": "movie", "title": "Aftershock", "year": 2010 },
    { "type": "movie", "title": "Metro", "year": 2013 },
    { "type": "movie", "title": "The Tunnel", "year": 2019 },

    { "type": "movie", "title": "Outbreak", "year": 1995 },
    { "type": "movie", "title": "Contagion", "year": 2011 },
    { "type": "movie", "title": "Flu", "year": 2013 },
    { "type": "movie", "title": "Carriers", "year": 2009 },
    { "type": "movie", "title": "93 Days", "year": 2016 },
    { "type": "movie", "title": "The Andromeda Strain", "year": 1971 },

    { "type": "movie", "title": "Apollo 13", "year": 1995 },
    { "type": "movie", "title": "The Wandering Earth", "year": 2019 },
    { "type": "movie", "title": "The Wandering Earth II", "year": 2023 },

    { "type": "movie", "title": "The Tower", "year": 2012 },
    { "type": "movie", "title": "Skyscraper", "year": 2018 },
    { "type": "movie", "title": "Daylight", "year": 1996 },

    { "type": "movie", "title": "K-19: The Widowmaker", "year": 2002 },
    { "type": "movie", "title": "Kursk (The Command)", "year": 2018 },
    { "type": "movie", "title": "Gray Lady Down", "year": 1978 },
    { "type": "movie", "title": "The Neptune Factor", "year": 1973 },

    { "type": "movie", "title": "Supervolcano", "year": 2005 },
    { "type": "movie", "title": "Skyfire", "year": 2019 },
    { "type": "movie", "title": "Ashfall", "year": 2019 },
    { "type": "movie", "title": "Pandora", "year": 2016 },

    { "type": "movie", "title": "Bhopal: A Prayer for Rain", "year": 2014 },
    { "type": "movie", "title": "Chernobyl: Abyss", "year": 2021 },

    { "type": "movie", "title": "United 93", "year": 2006 },
    { "type": "movie", "title": "Titanic", "year": 1953 },

    { "type": "movie", "title": "Adrift", "year": 2018 },
    { "type": "movie", "title": "The Poseidon Adventure", "year": 1972 },
    { "type": "movie", "title": "Poseidon", "year": 2006 },

    { "type": "movie", "title": "Deluge", "year": 1933 },
    { "type": "movie", "title": "Melancholia", "year": 2011 }
  ]
}
