{
  "id": "time_travel",
  "title": "Cestování časem",
  "subtitle": "Filmy s časovými smyčkami, paradoxy a skoky v čase",
  "language": "cs",
  "version": 1,
  "updated_at": "2025-08-17T13:58:00+02:00",
  "items": [
    { "type": "movie", "title": "La Jetée", "year": 1962 },
    { "type": "movie", "title": "Time After Time", "year": 1979 },
    { "type": "movie", "title": "Somewhere in Time", "year": 1980 },
    { "type": "movie", "title": "The Final Countdown", "year": 1980 },
    { "type": "movie", "title": "Back to the Future", "year": 1985 },
    { "type": "movie", "title": "Back to the Future Part II", "year": 1989 },
    { "type": "movie", "title": "Back to the Future Part III", "year": 1990 },
    { "type": "movie", "title": "The Terminator", "year": 1984 },
    { "type": "movie", "title": "Terminator 2: Judgment Day", "year": 1991 },
    { "type": "movie", "title": "Terminator 3: Rise of the Machines", "year": 2003 },
    { "type": "movie", "title": "Terminator Genisys", "year": 2015 },
    { "type": "movie", "title": "Terminator: Dark Fate", "year": 2019 },
    { "type": "movie", "title": "12 Monkeys", "year": 1995 },
    { "type": "movie", "title": "Primer", "year": 2004 },
    { "type": "movie", "title": "Predestination", "year": 2014 },
    { "type": "movie", "title": "Timecrimes", "year": 2007 },
    { "type": "movie", "title": "Looper", "year": 2012 },
    { "type": "movie", "title": "About Time", "year": 2013 },
    { "type": "movie", "title": "The Time Machine", "year": 1960 },
    { "type": "movie", "title": "The Time Machine", "year": 2002 },
    { "type": "movie", "title": "Time Bandits", "year": 1981 },
    { "type": "movie", "title": "Bill & Ted's Excellent Adventure", "year": 1989 },
    { "type": "movie", "title": "Bill & Ted's Bogus Journey", "year": 1991 },
    { "type": "movie", "title": "Bill & Ted Face the Music", "year": 2020 },
    { "type": "movie", "title": "The Girl Who Leapt Through Time", "year": 2006 },
    { "type": "movie", "title": "Project Almanac", "year": 2015 },
    { "type": "movie", "title": "Timecop", "year": 1994 },
    { "type": "movie", "title": "The Butterfly Effect", "year": 2004 },
    { "type": "movie", "title": "The Butterfly Effect 2", "year": 2006 },
    { "type": "movie", "title": "The Butterfly Effect 3: Revelations", "year": 2009 },
    { "type": "movie", "title": "Frequency", "year": 2000 },
    { "type": "movie", "title": "Il Mare", "year": 2000 },
    { "type": "movie", "title": "The Lake House", "year": 2006 },
    { "type": "movie", "title": "Midnight in Paris", "year": 2011 },
    { "type": "movie", "title": "Edge of Tomorrow", "year": 2014 },
    { "type": "movie", "title": "Source Code", "year": 2011 },
    { "type": "movie", "title": "Triangle", "year": 2009 },
    { "type": "movie", "title": "ARQ", "year": 2016 },
    { "type": "movie", "title": "Boss Level", "year": 2020 },
    { "type": "movie", "title": "Happy Death Day", "year": 2017 },
    { "type": "movie", "title": "Happy Death Day 2U", "year": 2019 },
    { "type": "movie", "title": "Groundhog Day", "year": 1993 },
    { "type": "movie", "title": "Palm Springs", "year": 2020 },
    { "type": "movie", "title": "The Map of Tiny Perfect Things", "year": 2021 },
    { "type": "movie", "title": "Tenet", "year": 2020 },
    { "type": "movie", "title": "X-Men: Days of Future Past", "year": 2014 },
    { "type": "movie", "title": "Avengers: Endgame", "year": 2019 },
    { "type": "movie", "title": "Star Trek IV: The Voyage Home", "year": 1986 },
    { "type": "movie", "title": "Star Trek: First Contact", "year": 1996 },
    { "type": "movie", "title": "Star Trek", "year": 2009 },
    { "type": "movie", "title": "The Philadelphia Experiment", "year": 1984 },
    { "type": "movie", "title": "The Philadelphia Experiment", "year": 2012 },
    { "type": "movie", "title": "Flight of the Navigator", "year": 1986 },
    { "type": "movie", "title": "Kate & Leopold", "year": 2001 },
    { "type": "movie", "title": "The Jacket", "year": 2005 },
    { "type": "movie", "title": "Déjà Vu", "year": 2006 },
    { "type": "movie", "title": "Time Lapse", "year": 2014 },
    { "type": "movie", "title": "Synchronicity", "year": 2015 },
    { "type": "movie", "title": "See You Yesterday", "year": 2019 },
    { "type": "movie", "title": "The Tomorrow War", "year": 2021 },
    { "type": "movie", "title": "The Adam Project", "year": 2022 },
    { "type": "movie", "title": "Meet the Robinsons", "year": 2007 },
    { "type": "movie", "title": "A Sound of Thunder", "year": 2005 },
    { "type": "movie", "title": "Timeline", "year": 2003 },
    { "type": "movie", "title": "Beyond the Infinite Two Minutes", "year": 2020 },
    { "type": "movie", "title": "The Door (Die Tür)", "year": 2009 },
    { "type": "movie", "title": "Mr. Nobody", "year": 2009 },
    { "type": "movie", "title": "Frequently Asked Questions About Time Travel", "year": 2009 },
    { "type": "movie", "title": "Happy Accidents", "year": 2000 },
    { "type": "movie", "title": "13 Going on 30", "year": 2004 },
    { "type": "movie", "title": "The Navigator: A Medieval Odyssey", "year": 1988 },
    { "type": "movie", "title": "Donnie Darko", "year": 2001 },
    { "type": "movie", "title": "S. Darko", "year": 2009 },
    { "type": "movie", "title": "Peggy Sue Got Married", "year": 1986 },
    { "type": "movie", "title": "The Infinite Man", "year": 2014 },
    { "type": "movie", "title": "The Time Traveler's Wife", "year": 2009 },
    { "type": "movie", "title": "12:01", "year": 1993 },
    { "type": "movie", "title": "Retroactive", "year": 1997 },
    { "type": "movie", "title": "Repeaters", "year": 2010 },
    { "type": "movie", "title": "Naked", "year": 2017 },
    { "type": "movie", "title": "Before I Fall", "year": 2017 },
    { "type": "movie", "title": "Mirage (Durante la tormenta)", "year": 2018 },
    { "type": "movie", "title": "The Call", "year": 2020 },
    { "type": "movie", "title": "Army of Darkness", "year": 1992 },
    { "type": "movie", "title": "Harry Potter and the Prisoner of Azkaban", "year": 2004 },
    { "type": "movie", "title": "Planet of the Apes", "year": 1968 },
    { "type": "movie", "title": "Escape from the Planet of the Apes", "year": 1971 },
    { "type": "movie", "title": "Men in Black 3", "year": 2012 },
    { "type": "movie", "title": "Safety Not Guaranteed", "year": 2012 },
    { "type": "movie", "title": "Time Freak", "year": 2018 },
    { "type": "movie", "title": "Synchronic", "year": 2019 },
    { "type": "movie", "title": "Prince of Persia: The Sands of Time", "year": 2010 },
    { "type": "movie", "title": "The Fare", "year": 2018 },
    { "type": "movie", "title": "The Kid", "year": 2000 },
    { "type": "movie", "title": "Frequently (sic) — adjust if needed", "year": 0 },
    { "type": "movie", "title": "The Butterfly Effect (Director's Cut)", "year": 2004 },
    { "type": "movie", "title": "Project Almanac (Extended)", "year": 2015 },
    { "type": "movie", "title": "Justice League: The Flashpoint Paradox", "year": 2013 },
    { "type": "movie", "title": "The Flash", "year": 2023 },
    { "type": "movie", "title": "The Kid Who Would Be King", "year": 2019 },
    { "type": "movie", "title": "Interstate 60: Episodes of the Road", "year": 2002 },
    { "type": "movie", "title": "Frequently Asked (cleanup placeholder)", "year": 0 },
    { "type": "movie", "title": "The Adjustment Bureau", "year": 2011 },
    { "type": "movie", "title": "The Age of Adaline", "year": 2015 },
    { "type": "movie", "title": "The Two Lives of Brandon", "year": 2015 }
  ]
}
