{
  "id": "historical_loose",
  "title": "Historické filmy – volně inspirované a stylizované",
  "subtitle": "Výrazná umělecká licence, alternativní historie, fiktivní postavy v reálných kulisách",
  "language": "cs",
  "version": 1,
  "updated_at": "2025-08-17T10:05:00+02:00",
  "items": [
    { "type": "movie", "title": "Braveheart", "year": 1995 },
    { "type": "movie", "title": "Gladiator", "year": 2000 },
    { "type": "movie", "title": "300", "year": 2006 },
    { "type": "movie", "title": "The Patriot", "year": 2000 },
    { "type": "movie", "title": "Pearl Harbor", "year": 2001 },
    { "type": "movie", "title": "Troy", "year": 2004 },
    { "type": "movie", "title": "Alexander", "year": 2004 },
    { "type": "movie", "title": "Kingdom of Heaven", "year": 2005 },
    { "type": "movie", "title": "Apocalypto", "year": 2006 },
    { "type": "movie", "title": "The Greatest Showman", "year": 2017 },
    { "type": "movie", "title": "Bohemian Rhapsody", "year": 2018 },
    { "type": "movie", "title": "The Imitation Game", "year": 2014 },
    { "type": "movie", "title": "The Other Boleyn Girl", "year": 2008 },
    { "type": "movie", "title": "Elizabeth", "year": 1998 },
    { "type": "movie", "title": "Elizabeth: The Golden Age", "year": 2007 },
    { "type": "movie", "title": "Shakespeare in Love", "year": 1998 },
    { "type": "movie", "title": "Marie Antoinette", "year": 2006 },
    { "type": "movie", "title": "Memoirs of a Geisha", "year": 2005 },
    { "type": "movie", "title": "The Last Samurai", "year": 2003 },
    { "type": "movie", "title": "U-571", "year": 2000 },
    { "type": "movie", "title": "The Last King of Scotland", "year": 2006 },
    { "type": "movie", "title": "Enemy at the Gates", "year": 2001 },
    { "type": "movie", "title": "The Revenant", "year": 2015 },
    { "type": "movie", "title": "Hidalgo", "year": 2004 },
    { "type": "movie", "title": "Pocahontas", "year": 1995 },
    { "type": "movie", "title": "Anastasia", "year": 1997 },
    { "type": "movie", "title": "King Arthur", "year": 2004 },
    { "type": "movie", "title": "The Men Who Stare at Goats", "year": 2009 },
    { "type": "movie", "title": "Argo", "year": 2012 },
    { "type": "movie", "title": "The Trial of the Chicago 7", "year": 2020 },
    { "type": "movie", "title": "The Two Popes", "year": 2019 },
    { "type": "movie", "title": "JFK", "year": 1991 },
    { "type": "movie", "title": "Amadeus", "year": 1984 },
    { "type": "movie", "title": "The Favourite", "year": 2018 },
    { "type": "movie", "title": "1492: Conquest of Paradise", "year": 1992 },
    { "type": "movie", "title": "Robin Hood: Prince of Thieves", "year": 1991 },
    { "type": "movie", "title": "Exodus: Gods and Kings", "year": 2014 },
    { "type": "movie", "title": "Noah", "year": 2014 },
    { "type": "movie", "title": "Pompeii", "year": 2014 },
    { "type": "movie", "title": "Stonewall", "year": 2015 },
    { "type": "movie", "title": "Sweeney Todd: The Demon Barber of Fleet Street", "year": 2007 },
    { "type": "movie", "title": "Master and Commander: The Far Side of the World", "year": 2003 },
    { "type": "movie", "title": "Ben-Hur", "year": 1959 },
    { "type": "movie", "title": "Spartacus", "year": 1960 },
    { "type": "movie", "title": "The Ten Commandments", "year": 1956 },
    { "type": "movie", "title": "The Last of the Mohicans", "year": 1992 },
    { "type": "movie", "title": "Dances with Wolves", "year": 1990 },
    { "type": "movie", "title": "Gangs of New York", "year": 2002 },
    { "type": "movie", "title": "The Name of the Rose", "year": 1986 },
    { "type": "movie", "title": "Apocalypse Now", "year": 1979 },
    { "type": "movie", "title": "The Thin Red Line", "year": 1998 },
    { "type": "movie", "title": "The Man in the Iron Mask", "year": 1998 },
    { "type": "movie", "title": "Tristan & Isolde", "year": 2006 },
    { "type": "movie", "title": "Agora", "year": 2009 },
    { "type": "movie", "title": "One Night in Miami...", "year": 2020 },
    { "type": "movie", "title": "The King's Man", "year": 2021 },
    { "type": "movie", "title": "Inglourious Basterds", "year": 2009 },
    { "type": "movie", "title": "Once Upon a Time in Hollywood", "year": 2019 },
    { "type": "movie", "title": "Cleopatra", "year": 1963 },
    { "type": "movie", "title": "Quo Vadis", "year": 1951 },
    { "type": "movie", "title": "Alexander Nevsky", "year": 1938 },
    { "type": "movie", "title": "The Crucible", "year": 1996 },
    { "type": "movie", "title": "The Mission", "year": 1986 },
    { "type": "movie", "title": "Seven Years in Tibet", "year": 1997 },
    { "type": "movie", "title": "The Boy in the Striped Pajamas", "year": 2008 },
    { "type": "movie", "title": "Cold Mountain", "year": 2003 },
    { "type": "movie", "title": "Barry Lyndon", "year": 1975 },
    { "type": "movie", "title": "The Last Temptation of Christ", "year": 1988 },
    { "type": "movie", "title": "Anonymous", "year": 2011 },
    { "type": "movie", "title": "Robin Hood", "year": 2010 },
    { "type": "movie", "title": "Titanic", "year": 1997 },
    { "type": "movie", "title": "The Woman King", "year": 2022 },
    { "type": "movie", "title": "Abraham Lincoln: Vampire Hunter", "year": 2012 }
  ]
}
