{
  "id": "historical_true",
  "title": "Historické filmy – podle skutečných událostí",
  "subtitle": "Minimum fikce: ověřené události a osobnosti",
  "language": "cs",
  "version": 1,
  "updated_at": "2025-08-17T10:00:00+02:00",
  "items": [
    { "type": "movie", "title": "Schindler's List", "year": 1993 },
    { "type": "movie", "title": "The Pianist", "year": 2002 },
    { "type": "movie", "title": "Downfall", "year": 2004 },
    { "type": "movie", "title": "Katyn", "year": 2007 },
    { "type": "movie", "title": "The Killing Fields", "year": 1984 },
    { "type": "movie", "title": "Hotel Rwanda", "year": 2004 },
    { "type": "movie", "title": "Spotlight", "year": 2015 },
    { "type": "movie", "title": "The Post", "year": 2017 },
    { "type": "movie", "title": "All the President's Men", "year": 1976 },
    { "type": "movie", "title": "The Report", "year": 2019 },
    { "type": "movie", "title": "Official Secrets", "year": 2019 },
    { "type": "movie", "title": "The Insider", "year": 1999 },
    { "type": "movie", "title": "Erin Brockovich", "year": 2000 },
    { "type": "movie", "title": "Dark Waters", "year": 2019 },
    { "type": "movie", "title": "Apollo 13", "year": 1995 },
    { "type": "movie", "title": "First Man", "year": 2018 },
    { "type": "movie", "title": "Sully", "year": 2016 },
    { "type": "movie", "title": "Captain Phillips", "year": 2013 },
    { "type": "movie", "title": "12 Years a Slave", "year": 2013 },
    { "type": "movie", "title": "Selma", "year": 2014 },
    { "type": "movie", "title": "Lincoln", "year": 2012 },
    { "type": "movie", "title": "The King's Speech", "year": 2010 },
    { "type": "movie", "title": "Bridge of Spies", "year": 2015 },
    { "type": "movie", "title": "A Bridge Too Far", "year": 1977 },
    { "type": "movie", "title": "Tora! Tora! Tora!", "year": 1970 },
    { "type": "movie", "title": "Letters from Iwo Jima", "year": 2006 },
    { "type": "movie", "title": "Flags of Our Fathers", "year": 2006 },
    { "type": "movie", "title": "Black Hawk Down", "year": 2001 },
    { "type": "movie", "title": "Hacksaw Ridge", "year": 2016 },
    { "type": "movie", "title": "United 93", "year": 2006 },
    { "type": "movie", "title": "13 Hours", "year": 2016 },
    { "type": "movie", "title": "Zero Dark Thirty", "year": 2012 },
    { "type": "movie", "title": "The Baader Meinhof Complex", "year": 2008 },
    { "type": "movie", "title": "The Queen", "year": 2006 },
    { "type": "movie", "title": "Milk", "year": 2008 },
    { "type": "movie", "title": "The Last Emperor", "year": 1987 },
    { "type": "movie", "title": "Hotel Mumbai", "year": 2018 },
    { "type": "movie", "title": "The Courier", "year": 2020 },
    { "type": "movie", "title": "Operation Finale", "year": 2018 },
    { "type": "movie", "title": "Anthropoid", "year": 2016 },
    { "type": "movie", "title": "Oppenheimer", "year": 2023 },
    { "type": "movie", "title": "The Big Short", "year": 2015 },
    { "type": "movie", "title": "Zodiac", "year": 2007 },
    { "type": "movie", "title": "Donnie Brasco", "year": 1997 },
    { "type": "movie", "title": "Snowden", "year": 2016 },
    { "type": "movie", "title": "Catch Me If You Can", "year": 2002 },
    { "type": "movie", "title": "Good Night, and Good Luck", "year": 2005 },
    { "type": "movie", "title": "Rescue Dawn", "year": 2006 },
    { "type": "movie", "title": "127 Hours", "year": 2010 },
    { "type": "movie", "title": "Into the Wild", "year": 2007 },
    { "type": "movie", "title": "The Theory of Everything", "year": 2014 },
    { "type": "movie", "title": "The Lost City of Z", "year": 2016 },
    { "type": "movie", "title": "The Dig", "year": 2021 },
    { "type": "movie", "title": "The Zookeeper's Wife", "year": 2017 },
    { "type": "movie", "title": "Lion", "year": 2016 },
    { "type": "movie", "title": "Dallas Buyers Club", "year": 2013 },
    { "type": "movie", "title": "Capote", "year": 2005 },
    { "type": "movie", "title": "A Man for All Seasons", "year": 1966 },
    { "type": "movie", "title": "Amistad", "year": 1997 },
    { "type": "movie", "title": "Defiance", "year": 2008 },
    { "type": "movie", "title": "Gandhi", "year": 1982 },
    { "type": "movie", "title": "Patriots Day", "year": 2016 },
    { "type": "movie", "title": "Shattered Glass", "year": 2003 },
    { "type": "movie", "title": "Conviction", "year": 2010 },
    { "type": "movie", "title": "The Impossible", "year": 2012 },
    { "type": "movie", "title": "Escape from Alcatraz", "year": 1979 },
    { "type": "movie", "title": "The People vs. Larry Flynt", "year": 1996 },
    { "type": "movie", "title": "Frost/Nixon", "year": 2008 },
    { "type": "movie", "title": "Bombshell", "year": 2019 },
    { "type": "movie", "title": "Just Mercy", "year": 2019 },
    { "type": "movie", "title": "A Hidden Life", "year": 2019 },
    { "type": "movie", "title": "Queen of Katwe", "year": 2016 },
    { "type": "movie", "title": "American Sniper", "year": 2014 },
    { "type": "movie", "title": "The Last Full Measure", "year": 2019 },
    { "type": "movie", "title": "Boys Don't Cry", "year": 1999 }
  ]
}
