{
  "id": "marvelovky",
  "title": "Marvelovky",
  "subtitle": "MCU, X-Men, Spider-Verse, Sony & další marvelovské světy",
  "language": "cs",
  "version": 1,
  "updated_at": "2025-08-16T11:10:00+02:00",
  "items": [
    { "type": "movie", "title": "Iron Man", "year": 2008 },
    { "type": "movie", "title": "The Incredible Hulk", "year": 2008 },
    { "type": "movie", "title": "Iron Man 2", "year": 2010 },
    { "type": "movie", "title": "Thor", "year": 2011 },
    { "type": "movie", "title": "Captain America: The First Avenger", "year": 2011 },
    { "type": "movie", "title": "The Avengers", "year": 2012 },

    { "type": "movie", "title": "Iron Man 3", "year": 2013 },
    { "type": "movie", "title": "Thor: The Dark World", "year": 2013 },
    { "type": "movie", "title": "Captain America: The Winter Soldier", "year": 2014 },
    { "type": "movie", "title": "Guardians of the Galaxy", "year": 2014 },
    { "type": "movie", "title": "Avengers: Age of Ultron", "year": 2015 },
    { "type": "movie", "title": "Ant-Man", "year": 2015 },

    { "type": "movie", "title": "Captain America: Civil War", "year": 2016 },
    { "type": "movie", "title": "Doctor Strange", "year": 2016 },
    { "type": "movie", "title": "Guardians of the Galaxy Vol. 2", "year": 2017 },
    { "type": "movie", "title": "Spider-Man: Homecoming", "year": 2017 },
    { "type": "movie", "title": "Thor: Ragnarok", "year": 2017 },
    { "type": "movie", "title": "Black Panther", "year": 2018 },
    { "type": "movie", "title": "Avengers: Infinity War", "year": 2018 },
    { "type": "movie", "title": "Ant-Man and the Wasp", "year": 2018 },
    { "type": "movie", "title": "Captain Marvel", "year": 2019 },
    { "type": "movie", "title": "Avengers: Endgame", "year": 2019 },
    { "type": "movie", "title": "Spider-Man: Far From Home", "year": 2019 },

    { "type": "movie", "title": "Black Widow", "year": 2021 },
    { "type": "movie", "title": "Shang-Chi and the Legend of the Ten Rings", "year": 2021 },
    { "type": "movie", "title": "Eternals", "year": 2021 },
    { "type": "movie", "title": "Spider-Man: No Way Home", "year": 2021 },
    { "type": "movie", "title": "Doctor Strange in the Multiverse of Madness", "year": 2022 },
    { "type": "movie", "title": "Thor: Love and Thunder", "year": 2022 },
    { "type": "movie", "title": "Black Panther: Wakanda Forever", "year": 2022 },

    { "type": "movie", "title": "Ant-Man and the Wasp: Quantumania", "year": 2023 },
    { "type": "movie", "title": "Guardians of the Galaxy Vol. 3", "year": 2023 },
    { "type": "movie", "title": "The Marvels", "year": 2023 },
    { "type": "movie", "title": "Deadpool & Wolverine", "year": 2024 },
    { "type": "movie", "title": "Captain America: Brave New World", "year": 2025 },
    { "type": "movie", "title": "Thunderbolts*", "year": 2025 },
    { "type": "movie", "title": "The Fantastic Four: First Steps", "year": 2025 },

    { "type": "movie", "title": "Werewolf by Night", "year": 2022 },
    { "type": "movie", "title": "The Guardians of the Galaxy Holiday Special", "year": 2022 },

    { "type": "tv", "title": "WandaVision", "year": 2021 },
    { "type": "tv", "title": "The Falcon and the Winter Soldier", "year": 2021 },
    { "type": "tv", "title": "Loki", "year": 2021 },
    { "type": "tv", "title": "Hawkeye", "year": 2021 },
    { "type": "tv", "title": "Moon Knight", "year": 2022 },
    { "type": "tv", "title": "Ms. Marvel", "year": 2022 },
    { "type": "tv", "title": "She-Hulk: Attorney at Law", "year": 2022 },
    { "type": "tv", "title": "Secret Invasion", "year": 2023 },
    { "type": "tv", "title": "Echo", "year": 2024 },
    { "type": "tv", "title": "Agatha All Along", "year": 2024 },
    { "type": "tv", "title": "Daredevil: Born Again", "year": 2025 },
    { "type": "tv", "title": "What If...?", "year": 2021 },
    { "type": "tv", "title": "I Am Groot", "year": 2022 },
    { "type": "tv", "title": "X-Men '97", "year": 2024 },

    { "type": "movie", "title": "X-Men", "year": 2000 },
    { "type": "movie", "title": "X2: X-Men United", "year": 2003 },
    { "type": "movie", "title": "X-Men: The Last Stand", "year": 2006 },
    { "type": "movie", "title": "X-Men Origins: Wolverine", "year": 2009 },
    { "type": "movie", "title": "X-Men: First Class", "year": 2011 },
    { "type": "movie", "title": "The Wolverine", "year": 2013 },
    { "type": "movie", "title": "X-Men: Days of Future Past", "year": 2014 },
    { "type": "movie", "title": "X-Men: Apocalypse", "year": 2016 },
    { "type": "movie", "title": "Logan", "year": 2017 },
    { "type": "movie", "title": "Dark Phoenix", "year": 2019 },
    { "type": "movie", "title": "The New Mutants", "year": 2020 },
    { "type": "movie", "title": "Deadpool", "year": 2016 },
    { "type": "movie", "title": "Deadpool 2", "year": 2018 },

    { "type": "movie", "title": "Spider-Man", "year": 2002 },
    { "type": "movie", "title": "Spider-Man 2", "year": 2004 },
    { "type": "movie", "title": "Spider-Man 3", "year": 2007 },
    { "type": "movie", "title": "The Amazing Spider-Man", "year": 2012 },
    { "type": "movie", "title": "The Amazing Spider-Man 2", "year": 2014 },
    { "type": "movie", "title": "Spider-Man: Into the Spider-Verse", "year": 2018 },
    { "type": "movie", "title": "Spider-Man: Across the Spider-Verse", "year": 2023 },

    { "type": "movie", "title": "Venom", "year": 2018 },
    { "type": "movie", "title": "Venom: Let There Be Carnage", "year": 2021 },
    { "type": "movie", "title": "Venom: The Last Dance", "year": 2024 },
    { "type": "movie", "title": "Morbius", "year": 2022 },
    { "type": "movie", "title": "Madame Web", "year": 2024 },

    { "type": "movie", "title": "Blade", "year": 1998 },
    { "type": "movie", "title": "Blade II", "year": 2002 },
    { "type": "movie", "title": "Blade: Trinity", "year": 2004 },
    { "type": "movie", "title": "Daredevil", "year": 2003 },
    { "type": "movie", "title": "Elektra", "year": 2005 },
    { "type": "movie", "title": "Ghost Rider", "year": 2007 },
    { "type": "movie", "title": "Ghost Rider: Spirit of Vengeance", "year": 2011 },
    { "type": "movie", "title": "The Punisher", "year": 2004 },
    { "type": "movie", "title": "Punisher: War Zone", "year": 2008 },
    { "type": "movie", "title": "The Punisher", "year": 1989 },
    { "type": "movie", "title": "Howard the Duck", "year": 1986 },
    { "type": "movie", "title": "Hulk", "year": 2003 },

    { "type": "tv", "title": "Agents of S.H.I.E.L.D.", "year": 2013 },
    { "type": "tv", "title": "Agent Carter", "year": 2015 },
    { "type": "tv", "title": "Daredevil", "year": 2015 },
    { "type": "tv", "title": "Jessica Jones", "year": 2015 },
    { "type": "tv", "title": "Luke Cage", "year": 2016 },
    { "type": "tv", "title": "Iron Fist", "year": 2017 },
    { "type": "tv", "title": "The Defenders", "year": 2017 },
    { "type": "tv", "title": "The Punisher", "year": 2017 },
    { "type": "tv", "title": "Runaways", "year": 2017 },
    { "type": "tv", "title": "Cloak & Dagger", "year": 2018 },
    { "type": "tv", "title": "Inhumans", "year": 2017 },
    { "type": "tv", "title": "Legion", "year": 2017 },
    { "type": "tv", "title": "The Gifted", "year": 2017 },
    { "type": "tv", "title": "Helstrom", "year": 2020 }
  ]
}
