{
  "id": "romance_tearbait",
  "title": "Romantické filmy",
  "subtitle": "Velké lásky, slzy, osudová setkání a druhé šance",
  "language": "cs",
  "version": 1,
  "updated_at": "2025-08-16T12:34:00+02:00",
  "items": [
    { "type": "movie", "title": "The Notebook", "year": 2004 },
    { "type": "movie", "title": "A Walk to Remember", "year": 2002 },
    { "type": "movie", "title": "Dear John", "year": 2010 },
    { "type": "movie", "title": "The Last Song", "year": 2010 },
    { "type": "movie", "title": "The Lucky One", "year": 2012 },
    { "type": "movie", "title": "Safe Haven", "year": 2013 },
    { "type": "movie", "title": "The Best of Me", "year": 2014 },
    { "type": "movie", "title": "The Longest Ride", "year": 2015 },
    { "type": "movie", "title": "Message in a Bottle", "year": 1999 },
    { "type": "movie", "title": "Nights in Rodanthe", "year": 2008 },

    { "type": "movie", "title": "Titanic", "year": 1997 },
    { "type": "movie", "title": "Romeo + Juliet", "year": 1996 },
    { "type": "movie", "title": "Pride & Prejudice", "year": 2005 },
    { "type": "movie", "title": "Sense and Sensibility", "year": 1995 },
    { "type": "movie", "title": "Emma", "year": 1996 },
    { "type": "movie", "title": "Emma.", "year": 2020 },
    { "type": "movie", "title": "Becoming Jane", "year": 2007 },
    { "type": "movie", "title": "Jane Eyre", "year": 2011 },
    { "type": "movie", "title": "Wuthering Heights", "year": 2011 },
    { "type": "movie", "title": "Anna Karenina", "year": 2012 },
    { "type": "movie", "title": "Far from the Madding Crowd", "year": 2015 },
    { "type": "movie", "title": "Little Women", "year": 1994 },
    { "type": "movie", "title": "Little Women", "year": 2019 },

    { "type": "movie", "title": "About Time", "year": 2013 },
    { "type": "movie", "title": "The Time Traveler's Wife", "year": 2009 },
    { "type": "movie", "title": "The Vow", "year": 2012 },
    { "type": "movie", "title": "The Age of Adaline", "year": 2015 },
    { "type": "movie", "title": "The Lake House", "year": 2006 },
    { "type": "movie", "title": "Me Before You", "year": 2016 },
    { "type": "movie", "title": "The Space Between Us", "year": 2017 },
    { "type": "movie", "title": "Midnight Sun", "year": 2018 },
    { "type": "movie", "title": "The Map of Tiny Perfect Things", "year": 2021 },
    { "type": "movie", "title": "Palm Springs", "year": 2020 },

    { "type": "movie", "title": "Blue Valentine", "year": 2010 },
    { "type": "movie", "title": "La La Land", "year": 2016 },
    { "type": "movie", "title": "Call Me by Your Name", "year": 2017 },
    { "type": "movie", "title": "Carol", "year": 2015 },
    { "type": "movie", "title": "Brokeback Mountain", "year": 2005 },
    { "type": "movie", "title": "The Shape of Water", "year": 2017 },
    { "type": "movie", "title": "Her", "year": 2013 },
    { "type": "movie", "title": "Eternal Sunshine of the Spotless Mind", "year": 2004 },
    { "type": "movie", "title": "Lost in Translation", "year": 2003 },
    { "type": "movie", "title": "Before Sunrise", "year": 1995 },
    { "type": "movie", "title": "Before Sunset", "year": 2004 },
    { "type": "movie", "title": "Before Midnight", "year": 2013 },
    { "type": "movie", "title": "In the Mood for Love", "year": 2000 },
    { "type": "movie", "title": "2046", "year": 2004 },
    { "type": "movie", "title": "Chungking Express", "year": 1994 },

    { "type": "movie", "title": "The Bridges of Madison County", "year": 1995 },
    { "type": "movie", "title": "The English Patient", "year": 1996 },
    { "type": "movie", "title": "Out of Africa", "year": 1985 },
    { "type": "movie", "title": "Casablanca", "year": 1942 },
    { "type": "movie", "title": "An Affair to Remember", "year": 1957 },
    { "type": "movie", "title": "Roman Holiday", "year": 1953 },
    { "type": "movie", "title": "Breakfast at Tiffany's", "year": 1961 },
    { "type": "movie", "title": "The Umbrellas of Cherbourg", "year": 1964 },
    { "type": "movie", "title": "Doctor Zhivago", "year": 1965 },
    { "type": "movie", "title": "Love Story", "year": 1970 },
    { "type": "movie", "title": "The Way We Were", "year": 1973 },

    { "type": "movie", "title": "Dirty Dancing", "year": 1987 },
    { "type": "movie", "title": "Ghost", "year": 1990 },
    { "type": "movie", "title": "Pretty Woman", "year": 1990 },
    { "type": "movie", "title": "Sleepless in Seattle", "year": 1993 },
    { "type": "movie", "title": "The Bodyguard", "year": 1992 },
    { "type": "movie", "title": "While You Were Sleeping", "year": 1995 },
    { "type": "movie", "title": "Notting Hill", "year": 1999 },
    { "type": "movie", "title": "Four Weddings and a Funeral", "year": 1994 },
    { "type": "movie", "title": "You've Got Mail", "year": 1998 },
    { "type": "movie", "title": "10 Things I Hate About You", "year": 1999 },
    { "type": "movie", "title": "Serendipity", "year": 2001 },
    { "type": "movie", "title": "Sweet November", "year": 2001 },
    { "type": "movie", "title": "City of Angels", "year": 1998 },
    { "type": "movie", "title": "Meet Joe Black", "year": 1998 },

    { "type": "movie", "title": "P.S. I Love You", "year": 2007 },
    { "type": "movie", "title": "Atonement", "year": 2007 },
    { "type": "movie", "title": "Becoming Jane", "year": 2007 },
    { "type": "movie", "title": "One Day", "year": 2011 },
    { "type": "movie", "title": "The Fault in Our Stars", "year": 2014 },
    { "type": "movie", "title": "If I Stay", "year": 2014 },
    { "type": "movie", "title": "Love, Rosie", "year": 2014 },
    { "type": "movie", "title": "The Spectacular Now", "year": 2013 },
    { "type": "movie", "title": "The Big Sick", "year": 2017 },
    { "type": "movie", "title": "500 Days of Summer", "year": 2009 },
    { "type": "movie", "title": "The Proposal", "year": 2009 },
    { "type": "movie", "title": "Crazy, Stupid, Love", "year": 2011 },
    { "type": "movie", "title": "Silver Linings Playbook", "year": 2012 },
    { "type": "movie", "title": "Friends with Benefits", "year": 2011 },
    { "type": "movie", "title": "No Strings Attached", "year": 2011 },

    { "type": "movie", "title": "Brooklyn", "year": 2015 },
    { "type": "movie", "title": "Allied", "year": 2016 },
    { "type": "movie", "title": "The Light Between Oceans", "year": 2016 },
    { "type": "movie", "title": "The Great Gatsby", "year": 2013 },
    { "type": "movie", "title": "The Painted Veil", "year": 2006 },
    { "type": "movie", "title": "Memoirs of a Geisha", "year": 2005 },
    { "type": "movie", "title": "Walk the Line", "year": 2005 },
    { "type": "movie", "title": "Revolutionary Road", "year": 2008 },
    { "type": "movie", "title": "Begin Again", "year": 2013 },
    { "type": "movie", "title": "Once", "year": 2007 },
    { "type": "movie", "title": "The Last Five Years", "year": 2014 },
    { "type": "movie", "title": "A Star Is Born", "year": 2018 },

    { "type": "movie", "title": "Portrait of a Lady on Fire", "year": 2019 },
    { "type": "movie", "title": "Blue Is the Warmest Color", "year": 2013 },
    { "type": "movie", "title": "Past Lives", "year": 2023 },
    { "type": "movie", "title": "Amélie", "year": 2001 },
    { "type": "movie", "title": "A Very Long Engagement", "year": 2004 },
    { "type": "movie", "title": "Vicky Cristina Barcelona", "year": 2008 },
    { "type": "movie", "title": "Midnight in Paris", "year": 2011 },

    { "type": "movie", "title": "The Age of Innocence", "year": 1993 },
    { "type": "movie", "title": "The Remains of the Day", "year": 1993 },
    { "type": "movie", "title": "Legends of the Fall", "year": 1994 },
    { "type": "movie", "title": "The Last of the Mohicans", "year": 1992 },
    { "type": "movie", "title": "The Princess Bride", "year": 1987 },
    { "type": "movie", "title": "Somewhere in Time", "year": 1980 },

    { "type": "movie", "title": "To All the Boys I've Loved Before", "year": 2018 },
    { "type": "movie", "title": "Set It Up", "year": 2018 },
    { "type": "movie", "title": "Always Be My Maybe", "year": 2019 },
    { "type": "movie", "title": "All the Bright Places", "year": 2020 },
    { "type": "movie", "title": "Five Feet Apart", "year": 2019 },
    { "type": "movie", "title": "Endless Love", "year": 2014 },
    { "type": "movie", "title": "The Sun Is Also a Star", "year": 2019 },
    { "type": "movie", "title": "After", "year": 2019 },

    { "type": "movie", "title": "One Fine Day", "year": 1996 },
    { "type": "movie", "title": "Jerry Maguire", "year": 1996 },
    { "type": "movie", "title": "Before We Go", "year": 2014 },
    { "type": "movie", "title": "Closer", "year": 2004 },
    { "type": "movie", "title": "Love & Other Drugs", "year": 2010 },
    { "type": "movie", "title": "Dear Frankie", "year": 2004 },
    { "type": "movie", "title": "Ondine", "year": 2009 },
    { "type": "movie", "title": "The Guernsey Literary and Potato Peel Pie Society", "year": 2018 }
  ]
}
