{
  "id": "scifi",
  "title": "Sci-fi",
  "subtitle": "Kultovní sci-fi filmy a seriály napříč dekádami",
  "language": "cs",
  "version": 1,
  "updated_at": "2025-08-16T13:45:00+02:00",
  "items": [
    { "type": "movie", "title": "Metropolis", "year": 1927 },
    { "type": "movie", "title": "Things to Come", "year": 1936 },
    { "type": "movie", "title": "The Day the Earth Stood Still", "year": 1951 },
    { "type": "movie", "title": "The War of the Worlds", "year": 1953 },
    { "type": "movie", "title": "Forbidden Planet", "year": 1956 },
    { "type": "movie", "title": "Invasion of the Body Snatchers", "year": 1956 },
    { "type": "movie", "title": "The Fly", "year": 1958 },
    { "type": "movie", "title": "The Time Machine", "year": 1960 },
    { "type": "movie", "title": "Fahrenheit 451", "year": 1966 },
    { "type": "movie", "title": "2001: A Space Odyssey", "year": 1968 },
    { "type": "movie", "title": "Planet of the Apes", "year": 1968 },
    { "type": "movie", "title": "Barbarella", "year": 1968 },
    { "type": "movie", "title": "THX 1138", "year": 1971 },
    { "type": "movie", "title": "A Clockwork Orange", "year": 1971 },
    { "type": "movie", "title": "Solaris", "year": 1972 },
    { "type": "movie", "title": "Silent Running", "year": 1972 },
    { "type": "movie", "title": "Soylent Green", "year": 1973 },
    { "type": "movie", "title": "Westworld", "year": 1973 },
    { "type": "movie", "title": "The Man Who Fell to Earth", "year": 1976 },
    { "type": "movie", "title": "Logan's Run", "year": 1976 },
    { "type": "movie", "title": "Close Encounters of the Third Kind", "year": 1977 },
    { "type": "movie", "title": "Star Wars: Episode IV – A New Hope", "year": 1977 },
    { "type": "movie", "title": "Stalker", "year": 1979 },
    { "type": "movie", "title": "Alien", "year": 1979 },
    { "type": "movie", "title": "Mad Max", "year": 1979 },
    { "type": "movie", "title": "Star Trek: The Motion Picture", "year": 1979 },

    { "type": "movie", "title": "Star Wars: Episode V – The Empire Strikes Back", "year": 1980 },
    { "type": "movie", "title": "The Road Warrior", "year": 1981 },
    { "type": "movie", "title": "Blade Runner", "year": 1982 },
    { "type": "movie", "title": "E.T. the Extra-Terrestrial", "year": 1982 },
    { "type": "movie", "title": "Tron", "year": 1982 },
    { "type": "movie", "title": "The Thing", "year": 1982 },
    { "type": "movie", "title": "Star Wars: Episode VI – Return of the Jedi", "year": 1983 },
    { "type": "movie", "title": "Videodrome", "year": 1983 },
    { "type": "movie", "title": "The Terminator", "year": 1984 },
    { "type": "movie", "title": "Dune", "year": 1984 },
    { "type": "movie", "title": "The Last Starfighter", "year": 1984 },
    { "type": "movie", "title": "Back to the Future", "year": 1985 },
    { "type": "movie", "title": "Aliens", "year": 1986 },
    { "type": "movie", "title": "The Fly", "year": 1986 },
    { "type": "movie", "title": "Predator", "year": 1987 },
    { "type": "movie", "title": "RoboCop", "year": 1987 },
    { "type": "movie", "title": "The Running Man", "year": 1987 },
    { "type": "movie", "title": "Akira", "year": 1988 },
    { "type": "movie", "title": "They Live", "year": 1988 },
    { "type": "movie", "title": "The Abyss", "year": 1989 },
    { "type": "movie", "title": "Back to the Future Part II", "year": 1989 },

    { "type": "movie", "title": "Total Recall", "year": 1990 },
    { "type": "movie", "title": "Back to the Future Part III", "year": 1990 },
    { "type": "movie", "title": "Terminator 2: Judgment Day", "year": 1991 },
    { "type": "movie", "title": "Star Trek VI: The Undiscovered Country", "year": 1991 },
    { "type": "movie", "title": "Jurassic Park", "year": 1993 },
    { "type": "movie", "title": "Stargate", "year": 1994 },
    { "type": "movie", "title": "12 Monkeys", "year": 1995 },
    { "type": "movie", "title": "Ghost in the Shell", "year": 1995 },
    { "type": "movie", "title": "Independence Day", "year": 1996 },
    { "type": "movie", "title": "Star Trek: First Contact", "year": 1996 },
    { "type": "movie", "title": "The Fifth Element", "year": 1997 },
    { "type": "movie", "title": "Gattaca", "year": 1997 },
    { "type": "movie", "title": "Starship Troopers", "year": 1997 },
    { "type": "movie", "title": "Dark City", "year": 1998 },
    { "type": "movie", "title": "The Matrix", "year": 1999 },
    { "type": "movie", "title": "The Iron Giant", "year": 1999 },
    { "type": "movie", "title": "eXistenZ", "year": 1999 },

    { "type": "movie", "title": "Pitch Black", "year": 2000 },
    { "type": "movie", "title": "A.I. Artificial Intelligence", "year": 2001 },
    { "type": "movie", "title": "Donnie Darko", "year": 2001 },
    { "type": "movie", "title": "Minority Report", "year": 2002 },
    { "type": "movie", "title": "Solaris", "year": 2002 },
    { "type": "movie", "title": "Equilibrium", "year": 2002 },
    { "type": "movie", "title": "The Matrix Reloaded", "year": 2003 },
    { "type": "movie", "title": "The Matrix Revolutions", "year": 2003 },
    { "type": "movie", "title": "Eternal Sunshine of the Spotless Mind", "year": 2004 },
    { "type": "movie", "title": "Primer", "year": 2004 },
    { "type": "movie", "title": "Serenity", "year": 2005 },
    { "type": "movie", "title": "War of the Worlds", "year": 2005 },
    { "type": "movie", "title": "Children of Men", "year": 2006 },
    { "type": "movie", "title": "The Prestige", "year": 2006 },
    { "type": "movie", "title": "The Fountain", "year": 2006 },
    { "type": "movie", "title": "Sunshine", "year": 2007 },
    { "type": "movie", "title": "I Am Legend", "year": 2007 },
    { "type": "movie", "title": "WALL·E", "year": 2008 },
    { "type": "movie", "title": "Cloverfield", "year": 2008 },
    { "type": "movie", "title": "Star Trek", "year": 2009 },
    { "type": "movie", "title": "Moon", "year": 2009 },
    { "type": "movie", "title": "District 9", "year": 2009 },
    { "type": "movie", "title": "Avatar", "year": 2009 },

    { "type": "movie", "title": "Inception", "year": 2010 },
    { "type": "movie", "title": "Source Code", "year": 2011 },
    { "type": "movie", "title": "Rise of the Planet of the Apes", "year": 2011 },
    { "type": "movie", "title": "Attack the Block", "year": 2011 },
    { "type": "movie", "title": "Chronicle", "year": 2012 },
    { "type": "movie", "title": "Looper", "year": 2012 },
    { "type": "movie", "title": "Prometheus", "year": 2012 },
    { "type": "movie", "title": "Her", "year": 2013 },
    { "type": "movie", "title": "Gravity", "year": 2013 },
    { "type": "movie", "title": "Snowpiercer", "year": 2013 },
    { "type": "movie", "title": "Under the Skin", "year": 2013 },
    { "type": "movie", "title": "Edge of Tomorrow", "year": 2014 },
    { "type": "movie", "title": "Interstellar", "year": 2014 },
    { "type": "movie", "title": "Ex Machina", "year": 2014 },
    { "type": "movie", "title": "Predestination", "year": 2014 },
    { "type": "movie", "title": "Mad Max: Fury Road", "year": 2015 },
    { "type": "movie", "title": "The Martian", "year": 2015 },
    { "type": "movie", "title": "The Lobster", "year": 2015 },
    { "type": "movie", "title": "Star Wars: The Force Awakens", "year": 2015 },
    { "type": "movie", "title": "Arrival", "year": 2016 },
    { "type": "movie", "title": "Rogue One: A Star Wars Story", "year": 2016 },
    { "type": "movie", "title": "Passengers", "year": 2016 },
    { "type": "movie", "title": "Blade Runner 2049", "year": 2017 },
    { "type": "movie", "title": "Alien: Covenant", "year": 2017 },
    { "type": "movie", "title": "Star Wars: The Last Jedi", "year": 2017 },
    { "type": "movie", "title": "Annihilation", "year": 2018 },
    { "type": "movie", "title": "Ready Player One", "year": 2018 },
    { "type": "movie", "title": "Upgrade", "year": 2018 },
    { "type": "movie", "title": "High Life", "year": 2018 },
    { "type": "movie", "title": "Alita: Battle Angel", "year": 2019 },
    { "type": "movie", "title": "Ad Astra", "year": 2019 },
    { "type": "movie", "title": "The Wandering Earth", "year": 2019 },
    { "type": "movie", "title": "Star Wars: The Rise of Skywalker", "year": 2019 },

    { "type": "movie", "title": "Tenet", "year": 2020 },
    { "type": "movie", "title": "Palm Springs", "year": 2020 },
    { "type": "movie", "title": "The Mitchells vs the Machines", "year": 2021 },
    { "type": "movie", "title": "Dune", "year": 2021 },
    { "type": "movie", "title": "Don't Look Up", "year": 2021 },
    { "type": "movie", "title": "The Matrix Resurrections", "year": 2021 },
    { "type": "movie", "title": "After Yang", "year": 2021 },
    { "type": "movie", "title": "Everything Everywhere All at Once", "year": 2022 },
    { "type": "movie", "title": "Nope", "year": 2022 },
    { "type": "movie", "title": "Avatar: The Way of Water", "year": 2022 },
    { "type": "movie", "title": "The Adam Project", "year": 2022 },
    { "type": "movie", "title": "The Creator", "year": 2023 },
    { "type": "movie", "title": "65", "year": 2023 },
    { "type": "movie", "title": "The Wandering Earth II", "year": 2023 },
    { "type": "movie", "title": "Dune: Part Two", "year": 2024 },
    { "type": "movie", "title": "Furiosa: A Mad Max Saga", "year": 2024 },
    { "type": "movie", "title": "Kingdom of the Planet of the Apes", "year": 2024 },
    { "type": "movie", "title": "Alien: Romulus", "year": 2024 },

    { "type": "movie", "title": "Star Trek II: The Wrath of Khan", "year": 1982 },
    { "type": "movie", "title": "Star Trek IV: The Voyage Home", "year": 1986 },
    { "type": "movie", "title": "Star Trek: Generations", "year": 1994 },
    { "type": "movie", "title": "Star Trek: Insurrection", "year": 1998 },
    { "type": "movie", "title": "Star Trek: Nemesis", "year": 2002 },
    { "type": "movie", "title": "Star Trek Into Darkness", "year": 2013 },
    { "type": "movie", "title": "Star Trek Beyond", "year": 2016 },

    { "type": "movie", "title": "Rise of the Planet of the Apes", "year": 2011 },
    { "type": "movie", "title": "Dawn of the Planet of the Apes", "year": 2014 },
    { "type": "movie", "title": "War for the Planet of the Apes", "year": 2017 },

    { "type": "movie", "title": "Mad Max 2: The Road Warrior", "year": 1981 },
    { "type": "movie", "title": "Mad Max Beyond Thunderdome", "year": 1985 },

    { "type": "tv", "title": "Star Trek: The Original Series", "year": 1966 },
    { "type": "tv", "title": "Star Trek: The Next Generation", "year": 1987 },
    { "type": "tv", "title": "Star Trek: Deep Space Nine", "year": 1993 },
    { "type": "tv", "title": "Star Trek: Voyager", "year": 1995 },
    { "type": "tv", "title": "Star Trek: Enterprise", "year": 2001 },
    { "type": "tv", "title": "Star Trek: Discovery", "year": 2017 },
    { "type": "tv", "title": "Star Trek: Picard", "year": 2020 },
    { "type": "tv", "title": "Star Trek: Strange New Worlds", "year": 2022 },

    { "type": "tv", "title": "Doctor Who", "year": 2005 },
    { "type": "tv", "title": "The X-Files", "year": 1993 },
    { "type": "tv", "title": "Babylon 5", "year": 1994 },
    { "type": "tv", "title": "Stargate SG-1", "year": 1997 },
    { "type": "tv", "title": "Stargate Atlantis", "year": 2004 },
    { "type": "tv", "title": "Farscape", "year": 1999 },
    { "type": "tv", "title": "Battlestar Galactica", "year": 2004 },
    { "type": "tv", "title": "Firefly", "year": 2002 },
    { "type": "tv", "title": "Fringe", "year": 2008 },
    { "type": "tv", "title": "Black Mirror", "year": 2011 },
    { "type": "tv", "title": "Orphan Black", "year": 2013 },
    { "type": "tv", "title": "Westworld", "year": 2016 },
    { "type": "tv", "title": "The Expanse", "year": 2015 },
    { "type": "tv", "title": "Dark", "year": 2017 },
    { "type": "tv", "title": "Altered Carbon", "year": 2018 },
    { "type": "tv", "title": "Foundation", "year": 2021 },
    { "type": "tv", "title": "Silo", "year": 2023 },
    { "type": "tv", "title": "For All Mankind", "year": 2019 },
    { "type": "tv", "title": "Severance", "year": 2022 },
    { "type": "tv", "title": "The Mandalorian", "year": 2019 },
    { "type": "tv", "title": "Andor", "year": 2022 },
    { "type": "tv", "title": "3 Body Problem", "year": 2024 },
    { "type": "tv", "title": "The Peripheral", "year": 2022 },
    { "type": "tv", "title": "Sense8", "year": 2015 },
    { "type": "tv", "title": "Humans", "year": 2015 },
    { "type": "tv", "title": "The 100", "year": 2014 },
    { "type": "tv", "title": "The OA", "year": 2016 },
    { "type": "tv", "title": "Terminator: The Sarah Connor Chronicles", "year": 2008 },
    { "type": "tv", "title": "Neon Genesis Evangelion", "year": 1995 },
    { "type": "tv", "title": "Cowboy Bebop", "year": 1998 },
    { "type": "tv", "title": "Rick and Morty", "year": 2013 }
  ]
}
