{
  "id": "us_vanoce",
  "title": "Americké Vánoce",
  "subtitle": "Klasické, moderní a kultovní americké vánoční filmy, speciály a vybrané seriálové epizody",
  "language": "en",
  "version": 1,
  "updated_at": "2025-08-16T08:00:00+02:00",
  "items": [
    { "type": "movie", "title": "It's a Wonderful Life", "year": 1946 },
    { "type": "movie", "title": "Miracle on 34th Street", "year": 1947 },
    { "type": "movie", "title": "The Bishop's Wife", "year": 1947 },
    { "type": "movie", "title": "White Christmas", "year": 1954 },
    { "type": "movie", "title": "A Charlie Brown Christmas", "year": 1965 },
    { "type": "movie", "title": "Rudolph the Red-Nosed Reindeer", "year": 1964 },
    { "type": "movie", "title": "Frosty the Snowman", "year": 1969 },
    { "type": "movie", "title": "Santa Claus Is Comin' to Town", "year": 1970 },
    { "type": "movie", "title": "The Year Without a Santa Claus", "year": 1974 },
    { "type": "movie", "title": "National Lampoon's Christmas Vacation", "year": 1989 },
    { "type": "movie", "title": "Home Alone", "year": 1990 },
    { "type": "movie", "title": "Home Alone 2: Lost in New York", "year": 1992 },
    { "type": "movie", "title": "The Santa Clause", "year": 1994 },
    { "type": "movie", "title": "The Santa Clause 2", "year": 2002 },
    { "type": "movie", "title": "The Santa Clause 3: The Escape Clause", "year": 2006 },
    { "type": "movie", "title": "The Muppet Christmas Carol", "year": 1992 },
    { "type": "movie", "title": "The Polar Express", "year": 2004 },
    { "type": "movie", "title": "Elf", "year": 2003 },
    { "type": "movie", "title": "Jingle All the Way", "year": 1996 },
    { "type": "movie", "title": "Bad Santa", "year": 2003 },
    { "type": "movie", "title": "The Nightmare Before Christmas", "year": 1993 },
    { "type": "movie", "title": "A Christmas Story", "year": 1983 },
    { "type": "movie", "title": "A Christmas Story Christmas", "year": 2022 },
    { "type": "movie", "title": "Scrooged", "year": 1988 },
    { "type": "movie", "title": "Prancer", "year": 1989 },
    { "type": "movie", "title": "Deck the Halls", "year": 2006 },
    { "type": "movie", "title": "Four Christmases", "year": 2008 },
    { "type": "movie", "title": "The Family Stone", "year": 2005 },
    { "type": "movie", "title": "While You Were Sleeping", "year": 1995 },
    { "type": "movie", "title": "The Preacher's Wife", "year": 1996 },
    { "type": "movie", "title": "Dr. Seuss' How the Grinch Stole Christmas", "year": 2000 },
    { "type": "movie", "title": "Dr. Seuss' The Grinch", "year": 2018 },
    { "type": "movie", "title": "How the Grinch Stole Christmas!", "year": 1966 },
    { "type": "movie", "title": "Office Christmas Party", "year": 2016 },
    { "type": "movie", "title": "The Christmas Chronicles", "year": 2018 },
    { "type": "movie", "title": "The Christmas Chronicles: Part Two", "year": 2020 },
    { "type": "movie", "title": "Noelle", "year": 2019 },
    { "type": "movie", "title": "Holidate", "year": 2020 },
    { "type": "movie", "title": "Happiest Season", "year": 2020 },
    { "type": "movie", "title": "Spirited", "year": 2022 },
    { "type": "movie", "title": "8-Bit Christmas", "year": 2021 },
    { "type": "movie", "title": "Fred Claus", "year": 2007 },
    { "type": "movie", "title": "Christmas with the Kranks", "year": 2004 },
    { "type": "movie", "title": "The Nativity Story", "year": 2006 },
    { "type": "movie", "title": "I'll Be Home for Christmas", "year": 1998 },
    { "type": "movie", "title": "The Ref", "year": 1994 },
    { "type": "movie", "title": "Jack Frost", "year": 1998 },
    { "type": "movie", "title": "Gremlins", "year": 1984 },
    { "type": "movie", "title": "Die Hard", "year": 1988 },
    { "type": "movie", "title": "Die Hard 2", "year": 1990 },
    { "type": "movie", "title": "Trading Places", "year": 1983 },
    { "type": "movie", "title": "Lethal Weapon", "year": 1987 },
    { "type": "movie", "title": "Black Nativity", "year": 2013 },
    { "type": "movie", "title": "The Night Before", "year": 2015 },
    { "type": "movie", "title": "Love the Coopers", "year": 2015 },
    { "type": "movie", "title": "The Best Man Holiday", "year": 2013 },
    { "type": "movie", "title": "Krampus", "year": 2015 },
    { "type": "movie", "title": "Violent Night", "year": 2022 },
    { "type": "movie", "title": "Fatman", "year": 2020 },
    { "type": "movie", "title": "Ernest Saves Christmas", "year": 1988 },
    { "type": "movie", "title": "Mickey's Christmas Carol", "year": 1983 },
    { "type": "movie", "title": "Mickey's Once Upon a Christmas", "year": 1999 },
    { "type": "movie", "title": "Mickey's Twice Upon a Christmas", "year": 2004 },
    { "type": "movie", "title": "Babes in Toyland", "year": 1961 },
    { "type": "movie", "title": "One Magic Christmas", "year": 1985 },
    { "type": "movie", "title": "A Christmas Prince", "year": 2017 },
    { "type": "movie", "title": "The Princess Switch", "year": 2018 },
    { "type": "movie", "title": "Jingle Jangle: A Christmas Journey", "year": 2020 },
    { "type": "movie", "title": "The Star", "year": 2017 },
    { "type": "movie", "title": "The Family Man", "year": 2000 },
    { "type": "movie", "title": "Mixed Nuts", "year": 1994 },
    { "type": "movie", "title": "Surviving Christmas", "year": 2004 },
    { "type": "movie", "title": "A Very Harold & Kumar 3D Christmas", "year": 2011 },
    { "type": "movie", "title": "Better Watch Out", "year": 2016 },

    {
      "type": "tv",
      "title": "Friends",
      "episodes": [
        { "season": 2, "episode": 9,  "note": "The One with Phoebe's Dad" },
        { "season": 3, "episode": 10, "note": "The One Where Rachel Quits" },
        { "season": 5, "episode": 10, "note": "The One with the Inappropriate Sister" },
        { "season": 7, "episode": 10, "note": "The One with the Holiday Armadillo" },
        { "season": 9, "episode": 10, "note": "The One with Christmas in Tulsa" }
      ]
    },
    {
      "type": "tv",
      "title": "The Office (US)",
      "episodes": [
        { "season": 2, "episode": 10, "note": "Christmas Party" },
        { "season": 3, "episode": 10, "note": "A Benihana Christmas (Part 1)" },
        { "season": 3, "episode": 11, "note": "A Benihana Christmas (Part 2)" },
        { "season": 5, "episode": 11, "note": "Moroccan Christmas" },
        { "season": 6, "episode": 13, "note": "Secret Santa" },
        { "season": 7, "episode": 11, "note": "Classy Christmas (Part 1)" },
        { "season": 7, "episode": 12, "note": "Classy Christmas (Part 2)" },
        { "season": 8, "episode": 10, "note": "Christmas Wishes" },
        { "season": 9, "episode": 9,  "note": "Dwight Christmas" }
      ]
    },
    {
      "type": "tv",
      "title": "Seinfeld",
      "episodes": [
        { "season": 9, "episode": 10, "note": "The Strike (Festivus)" }
      ]
    },
    {
      "type": "tv",
      "title": "The Simpsons",
      "episodes": [
        { "season": 1, "episode": 1,  "note": "Simpsons Roasting on an Open Fire" },
        { "season": 7, "episode": 11, "note": "Marge Be Not Proud" }
      ]
    },
    {
      "type": "tv",
      "title": "Community",
      "episodes": [
        { "season": 1, "episode": 12, "note": "Comparative Religion" },
        { "season": 2, "episode": 11, "note": "Abed's Uncontrollable Christmas" }
      ]
    },
    {
      "type": "tv",
      "title": "Modern Family",
      "episodes": [
        { "season": 1, "episode": 10, "note": "Undeck the Halls" },
        { "season": 3, "episode": 10, "note": "Express Christmas" }
      ]
    },
    {
      "type": "tv",
      "title": "Brooklyn Nine-Nine",
      "episodes": [
        { "season": 1, "episode": 11, "note": "Christmas" },
        { "season": 3, "episode": 10, "note": "Yippie Kayak" }
      ]
    },
    {
      "type": "tv",
      "title": "The Big Bang Theory",
      "episodes": [
        { "season": 2, "episode": 11, "note": "The Bath Item Gift Hypothesis" },
        { "season": 3, "episode": 11, "note": "The Maternal Congruence" },
        { "season": 6, "episode": 11, "note": "The Santa Simulation" }
      ]
    },
    {
      "type": "tv",
      "title": "The X-Files",
      "episodes": [
        { "season": 6, "episode": 6, "note": "How the Ghosts Stole Christmas" }
      ]
    },
    {
      "type": "tv",
      "title": "South Park",
      "episodes": [
        { "season": 1, "episode": 9,  "note": "Mr. Hankey, the Christmas Poo" },
        { "season": 3, "episode": 15, "note": "Mr. Hankey's Christmas Classics" },
        { "season": 4, "episode": 17, "note": "A Very Crappy Christmas" }
      ]
    }
  ]
}
