<addon id="repository.richmovie" name="RichMovie Repository" version="1.0.0" provider-name="Richard">
  <extension point="xbmc.addon.repository" name="RichMovie Repository">
    <dir minversion="20.0">https://ricardoitaliano.github.io/richmovie-repo/kodi/</dir>
    <info compressed="false">https://ricardoitaliano.github.io/richmovie-repo/kodi/addons.xml</info>
    <checksum>https://ricardoitaliano.github.io/richmovie-repo/kodi/addons.xml.md5</checksum>
    <datadir zip="true">https://ricardoitaliano.github.io/richmovie-repo/zips/</datadir>
  </extension>
  <extension point="xbmc.addon.metadata">
    <summary>Repozitář pro automatické aktualizace RichMovie.</summary>
    <description>Soukromé rodinné repo přes GitHub Pages.</description>
    <platform>all</platform>
  </extension>
</addon>
