{
  "id": "aliens",
  "title": "Mimozemšťané",
  "subtitle": "Invaze, setkání a vesmírný horor",
  "language": "cs",
  "version": 1,
  "updated_at": "2025-08-16T10:54:01+02:00",
  "items": [
    { "type": "movie", "title": "Alien", "year": 1979 },
    { "type": "movie", "title": "Aliens", "year": 1986 },
    { "type": "movie", "title": "Alien 3", "year": 1992 },
    { "type": "movie", "title": "Alien: Resurrection", "year": 1997 },
    { "type": "movie", "title": "Prometheus", "year": 2012 },
    { "type": "movie", "title": "Alien: Covenant", "year": 2017 },
    { "type": "movie", "title": "Alien: Romulus", "year": 2024 },

    { "type": "movie", "title": "Predator", "year": 1987 },
    { "type": "movie", "title": "Predator 2", "year": 1990 },
    { "type": "movie", "title": "Predators", "year": 2010 },
    { "type": "movie", "title": "The Predator", "year": 2018 },
    { "type": "movie", "title": "Prey", "year": 2022 },

    { "type": "movie", "title": "AVP: Alien vs. Predator", "year": 2004 },
    { "type": "movie", "title": "Aliens vs Predator: Requiem", "year": 2007 },

    { "type": "movie", "title": "Independence Day", "year": 1996 },
    { "type": "movie", "title": "Independence Day: Resurgence", "year": 2016 },

    { "type": "movie", "title": "War of the Worlds", "year": 1953 },
    { "type": "movie", "title": "War of the Worlds", "year": 2005 },
    { "type": "movie", "title": "The Day the Earth Stood Still", "year": 1951 },
    { "type": "movie", "title": "The Day the Earth Stood Still", "year": 2008 },
    { "type": "movie", "title": "The Thing from Another World", "year": 1951 },
    { "type": "movie", "title": "The Thing", "year": 1982 },
    { "type": "movie", "title": "The Thing", "year": 2011 },
    { "type": "movie", "title": "Invasion of the Body Snatchers", "year": 1956 },
    { "type": "movie", "title": "Invasion of the Body Snatchers", "year": 1978 },
    { "type": "movie", "title": "Body Snatchers", "year": 1993 },
    { "type": "movie", "title": "The Invasion", "year": 2007 },
    { "type": "movie", "title": "Village of the Damned", "year": 1960 },
    { "type": "movie", "title": "Village of the Damned", "year": 1995 },
    { "type": "movie", "title": "They Live", "year": 1988 },
    { "type": "movie", "title": "Signs", "year": 2002 },
    { "type": "movie", "title": "Dark Skies", "year": 2013 },
    { "type": "movie", "title": "The Faculty", "year": 1998 },
    { "type": "movie", "title": "Fire in the Sky", "year": 1993 },
    { "type": "movie", "title": "Communion", "year": 1989 },
    { "type": "movie", "title": "The Vast of Night", "year": 2019 },
    { "type": "movie", "title": "Captive State", "year": 2019 },
    { "type": "movie", "title": "No One Will Save You", "year": 2023 },

    { "type": "movie", "title": "A Quiet Place", "year": 2018 },
    { "type": "movie", "title": "A Quiet Place Part II", "year": 2021 },
    { "type": "movie", "title": "A Quiet Place: Day One", "year": 2024 },

    { "type": "movie", "title": "Cloverfield", "year": 2008 },
    { "type": "movie", "title": "10 Cloverfield Lane", "year": 2016 },
    { "type": "movie", "title": "The Cloverfield Paradox", "year": 2018 },

    { "type": "movie", "title": "Arrival", "year": 2016 },
    { "type": "movie", "title": "Contact", "year": 1997 },
    { "type": "movie", "title": "Close Encounters of the Third Kind", "year": 1977 },
    { "type": "movie", "title": "2001: A Space Odyssey", "year": 1968 },
    { "type": "movie", "title": "2010: The Year We Make Contact", "year": 1984 },

    { "type": "movie", "title": "Edge of Tomorrow", "year": 2014 },
    { "type": "movie", "title": "Battle: Los Angeles", "year": 2011 },
    { "type": "movie", "title": "Skyline", "year": 2010 },
    { "type": "movie", "title": "Beyond Skyline", "year": 2017 },
    { "type": "movie", "title": "Skylines", "year": 2020 },
    { "type": "movie", "title": "The Tomorrow War", "year": 2021 },
    { "type": "movie", "title": "Battleship", "year": 2012 },
    { "type": "movie", "title": "Starship Troopers", "year": 1997 },
    { "type": "movie", "title": "Starship Troopers 2: Hero of the Federation", "year": 2004 },
    { "type": "movie", "title": "Starship Troopers 3: Marauder", "year": 2008 },
    { "type": "movie", "title": "Ender's Game", "year": 2013 },
    { "type": "movie", "title": "Cowboys & Aliens", "year": 2011 },
    { "type": "movie", "title": "Monsters", "year": 2010 },
    { "type": "movie", "title": "Monsters: Dark Continent", "year": 2014 },

    { "type": "movie", "title": "Pitch Black", "year": 2000 },
    { "type": "movie", "title": "The Chronicles of Riddick", "year": 2004 },
    { "type": "movie", "title": "Riddick", "year": 2013 },

    { "type": "movie", "title": "Life", "year": 2017 },
    { "type": "movie", "title": "Species", "year": 1995 },
    { "type": "movie", "title": "Species II", "year": 1998 },
    { "type": "movie", "title": "Species III", "year": 2004 },
    { "type": "movie", "title": "Species: The Awakening", "year": 2007 },
    { "type": "movie", "title": "Slither", "year": 2006 },
    { "type": "movie", "title": "The Hidden", "year": 1987 },
    { "type": "movie", "title": "Lifeforce", "year": 1985 },

    { "type": "movie", "title": "E.T. the Extra-Terrestrial", "year": 1982 },
    { "type": "movie", "title": "Starman", "year": 1984 },
    { "type": "movie", "title": "Cocoon", "year": 1985 },
    { "type": "movie", "title": "Cocoon: The Return", "year": 1988 },
    { "type": "movie", "title": "The Man Who Fell to Earth", "year": 1976 },

    { "type": "movie", "title": "The Abyss", "year": 1989 },
    { "type": "movie", "title": "Sphere", "year": 1998 },
    { "type": "movie", "title": "Europa Report", "year": 2013 },
    { "type": "movie", "title": "The Andromeda Strain", "year": 1971 },

    { "type": "movie", "title": "Evolution", "year": 2001 },
    { "type": "movie", "title": "Paul", "year": 2011 },
    { "type": "movie", "title": "Attack the Block", "year": 2011 },
    { "type": "movie", "title": "The World's End", "year": 2013 },

    { "type": "movie", "title": "Under the Skin", "year": 2013 },
    { "type": "movie", "title": "Annihilation", "year": 2018 },
    { "type": "movie", "title": "Color Out of Space", "year": 2019 },
    { "type": "movie", "title": "Vivarium", "year": 2019 },

    { "type": "movie", "title": "The Darkest Hour", "year": 2011 },
    { "type": "movie", "title": "The 5th Wave", "year": 2016 },
    { "type": "movie", "title": "Oblivion", "year": 2013 },

    { "type": "movie", "title": "Men in Black", "year": 1997 },
    { "type": "movie", "title": "Men in Black II", "year": 2002 },
    { "type": "movie", "title": "Men in Black 3", "year": 2012 },
    { "type": "movie", "title": "Men in Black: International", "year": 2019 }
  ]
}
