{
  "id": "czsk_best_pre1989",
  "title": "Nejlepší československé filmy (do 1989)",
  "subtitle": "Kurátorovaný výběr ikonických českých a slovenských filmů 1918–1989",
  "language": "cs",
  "version": 1,
  "updated_at": "2025-08-16T09:00:00+02:00",
  "items": [
    { "type": "movie", "title": "Marketa Lazarová", "year": 1967 },
    { "type": "movie", "title": "Údolí včel", "year": 1968 },
    { "type": "movie", "title": "Adelheid", "year": 1969 },
    { "type": "movie", "title": "Holubice", "year": 1960 },
    { "type": "movie", "title": "Romance pro křídlovku", "year": 1967 },
    { "type": "movie", "title": "Kočár do Vídně", "year": 1966 },
    { "type": "movie", "title": "Perličky na dně", "year": 1965 },
    { "type": "movie", "title": "Démanty noci", "year": 1964 },
    { "type": "movie", "title": "O slavnosti a hostech", "year": 1966 },
    { "type": "movie", "title": "Sedmikrásky", "year": 1966 },
    { "type": "movie", "title": "Ostře sledované vlaky", "year": 1966 },
    { "type": "movie", "title": "Lásky jedné plavovlásky", "year": 1965 },
    { "type": "movie", "title": "Černý Petr", "year": 1963 },
    { "type": "movie", "title": "Intimní osvětlení", "year": 1965 },
    { "type": "movie", "title": "Hoří, má panenko", "year": 1967 },
    { "type": "movie", "title": "Všichni dobří rodáci", "year": 1968 },
    { "type": "movie", "title": "Skřivánci na niti", "year": 1969 },
    { "type": "movie", "title": "Ucho", "year": 1970 },
    { "type": "movie", "title": "Valerie a týden divů", "year": 1970 },
    { "type": "movie", "title": "Případ pro začínajícího kata", "year": 1970 },
    { "type": "movie", "title": "Happy End", "year": 1966 },
    { "type": "movie", "title": "Bílá paní", "year": 1965 },
    { "type": "movie", "title": "Až přijde kocour", "year": 1963 },
    { "type": "movie", "title": "Ikarie XB 1", "year": 1963 },
    { "type": "movie", "title": "Limonádový Joe aneb Koňská opera", "year": 1964 },
    { "type": "movie", "title": "Starci na chmelu", "year": 1964 },
    { "type": "movie", "title": "Kdyby tisíc klarinetů", "year": 1964 },
    { "type": "movie", "title": "Na samotě u lesa", "year": 1976 },
    { "type": "movie", "title": "Vesničko má středisková", "year": 1985 },
    { "type": "movie", "title": "Slavnosti sněženek", "year": 1983 },
    { "type": "movie", "title": "Postřižiny", "year": 1981 },
    { "type": "movie", "title": "Báječní muži s klikou", "year": 1978 },
    { "type": "movie", "title": "Marečku, podejte mi pero!", "year": 1976 },
    { "type": "movie", "title": "Jáchyme, hoď ho do stroje!", "year": 1974 },
    { "type": "movie", "title": "Kulový blesk", "year": 1978 },
    { "type": "movie", "title": "Vrchní, prchni!", "year": 1980 },
    { "type": "movie", "title": "Což takhle dát si špenát", "year": 1977 },
    { "type": "movie", "title": "Jak utopit Dr. Mráčka aneb Konec vodníků v Čechách", "year": 1974 },
    { "type": "movie", "title": "Pane, vy jste vdova!", "year": 1970 },
    { "type": "movie", "title": "Kdo chce zabít Jessii?", "year": 1966 },
    { "type": "movie", "title": "Zítra vstanu a opařím se čajem", "year": 1977 },
    { "type": "movie", "title": "Adéla ještě nevečeřela", "year": 1977 },
    { "type": "movie", "title": "Tajemství hradu v Karpatech", "year": 1981 },
    { "type": "movie", "title": "Tři veteráni", "year": 1983 },
    { "type": "movie", "title": "Dívka na koštěti", "year": 1971 },
    { "type": "movie", "title": "S tebou mě baví svět", "year": 1982 },
    { "type": "movie", "title": "Světáci", "year": 1969 },
    { "type": "movie", "title": "Ecce Homo Homolka", "year": 1969 },
    { "type": "movie", "title": "Hogo fogo Homolka", "year": 1970 },
    { "type": "movie", "title": "Homolka a tobolka", "year": 1972 },
    { "type": "movie", "title": "Atentát", "year": 1964 },
    { "type": "movie", "title": "Smrt si říká Engelchen", "year": 1963 },
    { "type": "movie", "title": "Vyšší princip", "year": 1960 },
    { "type": "movie", "title": "Obchod na korze", "year": 1965 },
    { "type": "movie", "title": "Transport z ráje", "year": 1962 },
    { "type": "movie", "title": "Daleká cesta", "year": 1949 },
    { "type": "movie", "title": "Kladivo na čarodějnice", "year": 1969 },
    { "type": "movie", "title": "Nebeští jezdci", "year": 1968 },
    { "type": "movie", "title": "Konec srpna v hotelu Ozon", "year": 1967 },
    { "type": "movie", "title": "Žert", "year": 1969 },
    { "type": "movie", "title": "Křik", "year": 1963 },
    { "type": "movie", "title": "Mučedníci lásky", "year": 1966 },
    { "type": "movie", "title": "Ovoce stromů rajských jíme", "year": 1970 },
    { "type": "movie", "title": "Panelstory aneb Jak se rodí sídliště", "year": 1979 },
    { "type": "movie", "title": "Hra o jablko", "year": 1976 },
    { "type": "movie", "title": "Vlčí bouda", "year": 1986 },
    { "type": "movie", "title": "Kopytem sem, kopytem tam", "year": 1989 },
    { "type": "movie", "title": "Bony a klid", "year": 1988 },
    { "type": "movie", "title": "Proč?", "year": 1987 },
    { "type": "movie", "title": "Smrt krásných srnců", "year": 1986 },
    { "type": "movie", "title": "Lásky mezi kapkami deště", "year": 1979 },
    { "type": "movie", "title": "Den pro mou lásku", "year": 1976 },
    { "type": "movie", "title": "Stíny horkého léta", "year": 1977 },
    { "type": "movie", "title": "Krakatit", "year": 1948 },
    { "type": "movie", "title": "Cesta do pravěku", "year": 1955 },
    { "type": "movie", "title": "Vynález zkázy", "year": 1958 },
    { "type": "movie", "title": "Baron Prášil", "year": 1962 },
    { "type": "movie", "title": "Ukradená vzducholoď", "year": 1967 },
    { "type": "movie", "title": "Na kometě", "year": 1970 },
    { "type": "movie", "title": "Bláznova kronika", "year": 1964 },
    { "type": "movie", "title": "Císařův pekař – Pekařův císař", "year": 1951 },
    { "type": "movie", "title": "Pyšná princezna", "year": 1952 },
    { "type": "movie", "title": "Byl jednou jeden král", "year": 1954 },
    { "type": "movie", "title": "Princezna se zlatou hvězdou", "year": 1959 },
    { "type": "movie", "title": "Tři oříšky pro Popelku", "year": 1973 },
    { "type": "movie", "title": "Princ Bajaja", "year": 1971 },
    { "type": "movie", "title": "Šíleně smutná princezna", "year": 1968 },
    { "type": "movie", "title": "Ať žijí duchové!", "year": 1977 },
    { "type": "movie", "title": "Dobrý voják Švejk", "year": 1956 },
    { "type": "movie", "title": "Pytlákova schovanka aneb Šlechetný milionář", "year": 1949 },
    { "type": "movie", "title": "Cesta do hlubin študákovy duše", "year": 1939 },
    { "type": "movie", "title": "Škola základ života", "year": 1938 },
    { "type": "movie", "title": "Kristián", "year": 1939 },
    { "type": "movie", "title": "Eva tropí hlouposti", "year": 1939 },
    { "type": "movie", "title": "Hotel Modrá hvězda", "year": 1941 },
    { "type": "movie", "title": "Přednosta stanice", "year": 1941 },
    { "type": "movie", "title": "U pokladny stál", "year": 1939 },
    { "type": "movie", "title": "Muži v offsidu", "year": 1931 },
    { "type": "movie", "title": "C. a k. polní maršálek", "year": 1930 },
    { "type": "movie", "title": "Bílá nemoc", "year": 1937 },
    { "type": "movie", "title": "Ecstasy (Extase)", "year": 1933 },
    { "type": "movie", "title": "Roztomilý člověk", "year": 1941 },
    { "type": "movie", "title": "Siréna", "year": 1947 },
    { "type": "movie", "title": "Čapkovy povídky", "year": 1947 },
    { "type": "movie", "title": "Král Šumavy", "year": 1959 },
    { "type": "movie", "title": "Dáma na kolejích", "year": 1966 },
    { "type": "movie", "title": "Svatba jako řemen", "year": 1967 },
    { "type": "movie", "title": "Noc nevěsty", "year": 1967 },
    { "type": "movie", "title": "Ať žije republika", "year": 1965 },
    { "type": "movie", "title": "Žert", "year": 1969 },
    { "type": "movie", "title": "Petrolejové lampy", "year": 1971 },
    { "type": "movie", "title": "Morgiana", "year": 1972 },
    { "type": "movie", "title": "Panna a netvor", "year": 1978 },
    { "type": "movie", "title": "Deváté srdce", "year": 1978 },
    { "type": "movie", "title": "Upír z Feratu", "year": 1981 },
    { "type": "movie", "title": "Co je vám, doktore?", "year": 1984 },
    { "type": "movie", "title": "Jak svět přichází o básníky", "year": 1982 },
    { "type": "movie", "title": "Sněženky a machři", "year": 1982 },
    { "type": "movie", "title": "Něco z Alenky", "year": 1988 },
    { "type": "movie", "title": "Císařův slavík", "year": 1949 },
    { "type": "movie", "title": "Staré pověsti české", "year": 1953 },
    { "type": "movie", "title": "Sen noci svatojánské", "year": 1959 },
    { "type": "movie", "title": "Čarodějův učeň", "year": 1978 },

    { "type": "movie", "title": "Slnko v sieti", "year": 1962 },
    { "type": "movie", "title": "Kristove roky", "year": 1967 },
    { "type": "movie", "title": "Drak sa vracia", "year": 1968 },
    { "type": "movie", "title": "Boxer a smrť", "year": 1962 },
    { "type": "movie", "title": "Prípad Barnabáš Kos", "year": 1964 },
    { "type": "movie", "title": "Kým sa skončí táto noc", "year": 1966 },
    { "type": "movie", "title": "Organ", "year": 1965 },
    { "type": "movie", "title": "Ružové sny", "year": 1976 },
    { "type": "movie", "title": "Ja milujem, ty miluješ", "year": 1980 },
    { "type": "movie", "title": "Zbehovia a pútnici", "year": 1968 },
    { "type": "movie", "title": "Vtáčkovia, siroty a blázni", "year": 1969 },
    { "type": "movie", "title": "Tisícročná včela", "year": 1983 },
    { "type": "movie", "title": "Perinbaba", "year": 1985 },
    { "type": "movie", "title": "Sedím na konári a je mi dobre", "year": 1989 },
    { "type": "movie", "title": "Pásla kone na betóne", "year": 1982 },
    { "type": "movie", "title": "Rysavá jalovica", "year": 1970 },
    { "type": "movie", "title": "Pacho, hybský zbojník", "year": 1975 },
    { "type": "movie", "title": "Jánošík", "year": 1963 },
    { "type": "movie", "title": "Jánošík", "year": 1921 },
    { "type": "movie", "title": "Obrazy starého sveta", "year": 1972 }
  ]
}
