{
  "id": "horror_ghosts",
  "title": "Duchařské horory",
  "subtitle": "Paranormální, strašidelné domy a posednutí",
  "language": "cs",
  "version": 1,
  "updated_at": "2025-08-16T10:00:00+02:00",
  "items": [
    { "type": "movie", "title": "The Conjuring", "year": 2013 },
    { "type": "movie", "title": "The Conjuring 2", "year": 2016 },
    { "type": "movie", "title": "The Conjuring: The Devil Made Me Do It", "year": 2021 },
    { "type": "movie", "title": "Annabelle", "year": 2014 },
    { "type": "movie", "title": "Annabelle: Creation", "year": 2017 },
    { "type": "movie", "title": "Annabelle Comes Home", "year": 2019 },
    { "type": "movie", "title": "The Nun", "year": 2018 },
    { "type": "movie", "title": "The Nun II", "year": 2023 },
    { "type": "movie", "title": "The Curse of La Llorona", "year": 2019 },

    { "type": "movie", "title": "Insidious", "year": 2010 },
    { "type": "movie", "title": "Insidious: Chapter 2", "year": 2013 },
    { "type": "movie", "title": "Insidious: Chapter 3", "year": 2015 },
    { "type": "movie", "title": "Insidious: The Last Key", "year": 2018 },
    { "type": "movie", "title": "Insidious: The Red Door", "year": 2023 },

    { "type": "movie", "title": "Ringu", "year": 1998 },
    { "type": "movie", "title": "Ringu 2", "year": 1999 },
    { "type": "movie", "title": "Ringu 0: Birthday", "year": 2000 },
    { "type": "movie", "title": "The Ring", "year": 2002 },
    { "type": "movie", "title": "The Ring Two", "year": 2005 },
    { "type": "movie", "title": "Rings", "year": 2017 },

    { "type": "movie", "title": "Ju-on: The Grudge", "year": 2002 },
    { "type": "movie", "title": "Ju-on: The Grudge 2", "year": 2003 },
    { "type": "movie", "title": "Ju-on: White Ghost", "year": 2009 },
    { "type": "movie", "title": "Ju-on: Black Ghost", "year": 2009 },
    { "type": "movie", "title": "Ju-on: The Beginning of the End", "year": 2014 },
    { "type": "movie", "title": "Ju-on: The Final Curse", "year": 2015 },
    { "type": "movie", "title": "The Grudge", "year": 2004 },
    { "type": "movie", "title": "The Grudge 2", "year": 2006 },
    { "type": "movie", "title": "The Grudge 3", "year": 2009 },
    { "type": "movie", "title": "The Grudge", "year": 2020 },

    { "type": "movie", "title": "Poltergeist", "year": 1982 },
    { "type": "movie", "title": "Poltergeist II: The Other Side", "year": 1986 },
    { "type": "movie", "title": "Poltergeist III", "year": 1988 },
    { "type": "movie", "title": "Poltergeist", "year": 2015 },

    { "type": "movie", "title": "The Amityville Horror", "year": 1979 },
    { "type": "movie", "title": "The Amityville Horror", "year": 2005 },

    { "type": "movie", "title": "The Haunting", "year": 1963 },
    { "type": "movie", "title": "The Haunting", "year": 1999 },
    { "type": "movie", "title": "House on Haunted Hill", "year": 1959 },
    { "type": "movie", "title": "House on Haunted Hill", "year": 1999 },
    { "type": "movie", "title": "Return to House on Haunted Hill", "year": 2007 },
    { "type": "movie", "title": "13 Ghosts", "year": 1960 },
    { "type": "movie", "title": "Thir13en Ghosts", "year": 2001 },

    { "type": "movie", "title": "The Changeling", "year": 1980 },
    { "type": "movie", "title": "The Others", "year": 2001 },
    { "type": "movie", "title": "The Sixth Sense", "year": 1999 },
    { "type": "movie", "title": "1408", "year": 2007 },
    { "type": "movie", "title": "The Devil's Backbone", "year": 2001 },
    { "type": "movie", "title": "Crimson Peak", "year": 2015 },
    { "type": "movie", "title": "The Orphanage", "year": 2007 },
    { "type": "movie", "title": "The Autopsy of Jane Doe", "year": 2016 },
    { "type": "movie", "title": "The Gravedancers", "year": 2006 },

    { "type": "movie", "title": "Sinister", "year": 2012 },
    { "type": "movie", "title": "Sinister 2", "year": 2015 },
    { "type": "movie", "title": "Ouija", "year": 2014 },
    { "type": "movie", "title": "Ouija: Origin of Evil", "year": 2016 },
    { "type": "movie", "title": "Mama", "year": 2013 },
    { "type": "movie", "title": "The Boy", "year": 2016 },
    { "type": "movie", "title": "Brahms: The Boy II", "year": 2020 },
    { "type": "movie", "title": "The Possession", "year": 2012 },

    { "type": "movie", "title": "The Exorcist", "year": 1973 },
    { "type": "movie", "title": "Exorcist II: The Heretic", "year": 1977 },
    { "type": "movie", "title": "The Exorcist III", "year": 1990 },
    { "type": "movie", "title": "The Exorcist: Believer", "year": 2023 },
    { "type": "movie", "title": "The Exorcism of Emily Rose", "year": 2005 },
    { "type": "movie", "title": "The Last Exorcism", "year": 2010 },
    { "type": "movie", "title": "The Last Exorcism Part II", "year": 2013 },
    { "type": "movie", "title": "The Rite", "year": 2011 },
    { "type": "movie", "title": "Deliver Us from Evil", "year": 2014 },
    { "type": "movie", "title": "The Devil Inside", "year": 2012 },
    { "type": "movie", "title": "The Pope's Exorcist", "year": 2023 },

    { "type": "movie", "title": "Drag Me to Hell", "year": 2009 },
    { "type": "movie", "title": "The Skeleton Key", "year": 2005 },
    { "type": "movie", "title": "Oculus", "year": 2013 },
    { "type": "movie", "title": "Mirrors", "year": 2008 },
    { "type": "movie", "title": "The Pact", "year": 2012 },
    { "type": "movie", "title": "The Innkeepers", "year": 2011 },
    { "type": "movie", "title": "The Awakening", "year": 2011 },
    { "type": "movie", "title": "The Woman in Black", "year": 2012 },
    { "type": "movie", "title": "The Woman in Black 2: Angel of Death", "year": 2014 },
    { "type": "movie", "title": "The Night House", "year": 2020 },
    { "type": "movie", "title": "His House", "year": 2020 },
    { "type": "movie", "title": "Under the Shadow", "year": 2016 },
    { "type": "movie", "title": "Ghost Story", "year": 1981 },
    { "type": "movie", "title": "The Fog", "year": 1980 },
    { "type": "movie", "title": "Session 9", "year": 2001 },
    { "type": "movie", "title": "Stir of Echoes", "year": 1999 },
    { "type": "movie", "title": "What Lies Beneath", "year": 2000 },

    { "type": "movie", "title": "Paranormal Activity", "year": 2007 },
    { "type": "movie", "title": "Paranormal Activity 2", "year": 2010 },
    { "type": "movie", "title": "Paranormal Activity 3", "year": 2011 },
    { "type": "movie", "title": "Paranormal Activity 4", "year": 2012 },
    { "type": "movie", "title": "Paranormal Activity: The Marked Ones", "year": 2014 },
    { "type": "movie", "title": "Paranormal Activity: The Ghost Dimension", "year": 2015 },
    { "type": "movie", "title": "Paranormal Activity: Next of Kin", "year": 2021 },
    { "type": "movie", "title": "Grave Encounters", "year": 2011 },
    { "type": "movie", "title": "Grave Encounters 2", "year": 2012 },
    { "type": "movie", "title": "Hell House LLC", "year": 2015 },
    { "type": "movie", "title": "Hell House LLC II: The Abaddon Hotel", "year": 2018 },
    { "type": "movie", "title": "Hell House LLC III: Lake of Fire", "year": 2019 },
    { "type": "movie", "title": "Noroi: The Curse", "year": 2005 },
    { "type": "movie", "title": "Lake Mungo", "year": 2008 },

    { "type": "movie", "title": "Shutter", "year": 2004 },
    { "type": "movie", "title": "Shutter", "year": 2008 },
    { "type": "movie", "title": "The Eye", "year": 2002 },
    { "type": "movie", "title": "The Eye", "year": 2008 },
    { "type": "movie", "title": "Pulse", "year": 2001 },
    { "type": "movie", "title": "Pulse", "year": 2006 },
    { "type": "movie", "title": "One Missed Call", "year": 2003 },
    { "type": "movie", "title": "One Missed Call", "year": 2008 },
    { "type": "movie", "title": "Dark Water", "year": 2002 },
    { "type": "movie", "title": "Dark Water", "year": 2005 },

    { "type": "movie", "title": "Gothika", "year": 2003 },
    { "type": "movie", "title": "The Possession of Michael King", "year": 2014 },
    { "type": "movie", "title": "Veronica", "year": 2017 },
    { "type": "movie", "title": "Terrified", "year": 2017 },
    { "type": "movie", "title": "The Medium", "year": 2021 },
    { "type": "movie", "title": "Incantation", "year": 2022 },
    { "type": "movie", "title": "Talk to Me", "year": 2022 },
    { "type": "movie", "title": "Smile", "year": 2022 },
    { "type": "movie", "title": "The Boogeyman", "year": 2023 },
    { "type": "movie", "title": "Host", "year": 2020 }
  ]
}
